﻿ID,Team
33,Manchester United
34,Newcastle
35,Bournemouth
36,Fulham
37,Huddersfield
38,Watford
39,Wolves
40,Liverpool
41,Southampton
42,Arsenal
43,Cardiff
44,Burnley
45,Everton
46,Leicester
47,Tottenham
48,West Ham
49,Chelsea
50,Manchester City
51,Brighton
52,Crystal Palace
53,Reading
60,West Brom
61,Wigan
62,Sheffield Utd
63,Leeds
64,Hull City
66,Aston Villa
68,Bolton
70,Middlesbrough
71,Norwich
72,QPR
75,Stoke City
76,Swansea
746,Sunderland
1356,Blackpool
