game_id,day,team,team_id,opp,opp_id,home,favored_spread,opening_spread,spread,move_spread,move_spread_direction,cover_spread,opening_o/u,o/u,move_o/u,move_o/u_direction,cover_o/u,days_between_games,travel_between_games
13931,2019-10-26,ATL,3,ORL,5,1,0,0.0,2.5,2.5,0,1,219.0,216.5,-2.5,0,0,5.0,0
13955,2019-10-29,ATL,3,MIA,4,0,0,7.5,8.5,1.0,0,0,224.5,223.5,-1.0,0,0,3.0,1
13969,2019-10-31,ATL,3,MIA,4,1,0,6.5,6.5,0.0,1,0,216.5,215.0,-1.5,0,0,2.0,1
14022,2019-11-08,ATL,3,SAC,30,1,0,-1.0,2.5,3.5,0,0,219.5,225.5,6.0,1,1,8.0,0
14041,2019-11-10,ATL,3,POR,19,0,0,8.5,9.0,0.5,0,0,228.0,226.5,-1.5,0,1,2.0,1
14068,2019-11-14,ATL,3,PHO,29,0,0,7.0,8.0,1.0,0,0,227.0,229.5,2.5,1,1,4.0,0
14085,2019-11-16,ATL,3,LAC,28,0,0,13.0,9.5,-3.5,1,0,227.5,224.0,-3.5,0,1,2.0,0
14091,2019-11-17,ATL,3,LAL,27,0,0,14.0,14.0,0.0,1,0,218.5,221.0,2.5,1,1,1.0,0
14107,2019-11-20,ATL,3,MIL,15,1,0,10.0,11.0,1.0,0,1,233.0,232.5,-0.5,0,1,3.0,1
14118,2019-11-22,ATL,3,DET,14,0,0,5.5,6.5,1.0,0,0,225.0,226.5,1.5,1,1,2.0,1
14131,2019-11-23,ATL,3,TOR,10,1,0,7.0,7.5,0.5,0,1,223.5,223.0,-0.5,0,1,1.0,1
14146,2019-11-25,ATL,3,MIN,16,1,0,4.0,4.5,0.5,0,0,233.5,235.5,2.0,1,1,2.0,0
14163,2019-11-27,ATL,3,MIL,15,0,0,14.5,14.5,0.0,1,1,239.5,240.0,0.5,1,0,2.0,1
14185,2019-11-30,ATL,3,HOU,22,0,0,13.5,14.0,0.5,0,0,238.5,238.0,-0.5,0,1,3.0,0
14198,2019-12-02,ATL,3,GS,26,1,1,-5.5,-6.5,-1.0,1,1,223.0,223.5,0.5,1,0,2.0,1
14239,2019-12-08,ATL,3,CHA,2,0,0,2.0,2.0,0.0,1,1,225.0,223.0,-2.0,0,1,6.0,1
14264,2019-12-11,ATL,3,CHI,11,0,0,5.0,6.5,1.5,0,0,222.0,221.5,-0.5,0,1,3.0,0
14276,2019-12-13,ATL,3,IND,13,1,0,6.0,6.0,0.0,1,0,222.5,224.5,2.0,1,0,2.0,1
14293,2019-12-15,ATL,3,LAL,27,1,0,12.0,12.0,0.0,1,1,224.0,230.0,6.0,1,0,2.0,0
14306,2019-12-17,ATL,3,NY,6,0,0,1.0,2.0,1.0,0,0,220.5,225.0,4.5,1,1,2.0,1
14319,2019-12-19,ATL,3,UTA,17,1,0,6.5,6.5,0.0,1,1,224.0,225.0,1.0,1,0,2.0,1
14334,2019-12-21,ATL,3,BKN,8,0,0,6.5,7.5,1.0,0,0,227.5,232.0,4.5,1,1,2.0,1
14347,2019-12-23,ATL,3,CLE,12,0,1,2.0,-1.5,-3.5,1,0,228.5,229.5,1.0,1,1,2.0,0
14372,2019-12-27,ATL,3,MIL,15,1,0,12.0,7.0,-5.0,1,0,237.5,235.5,-2.0,0,0,4.0,1
14429,2020-01-04,ATL,3,IND,13,1,0,6.0,7.5,1.5,0,1,222.0,220.5,-1.5,0,1,8.0,0
14461,2020-01-08,ATL,3,HOU,22,1,0,8.0,7.5,-0.5,1,1,235.0,237.5,2.5,1,0,4.0,0
14489,2020-01-12,ATL,3,BKN,8,0,0,5.5,9.0,3.5,0,0,231.0,226.5,-4.5,0,0,4.0,1
14527,2020-01-17,ATL,3,SA,24,0,0,8.5,8.5,0.0,1,1,229.5,229.5,0.0,1,1,5.0,0
14532,2020-01-18,ATL,3,DET,14,1,0,2.0,1.0,-1.0,1,0,227.0,227.5,0.5,1,1,1.0,1
14543,2020-01-20,ATL,3,TOR,10,1,0,8.0,9.0,1.0,0,1,231.0,231.5,0.5,1,1,2.0,0
14590,2020-01-26,ATL,3,WAS,1,1,1,-1.5,-1.0,0.5,0,1,240.5,241.5,1.0,1,1,6.0,0
14606,2020-01-28,ATL,3,TOR,10,0,0,12.5,12.5,0.0,1,0,233.0,234.0,1.0,1,1,2.0,1
14619,2020-01-30,ATL,3,PHI,7,1,0,7.5,6.5,-1.0,1,1,228.0,228.5,0.5,1,1,2.0,1
14710,2020-02-12,ATL,3,CLE,12,0,1,-1.0,-2.5,-1.5,1,0,233.0,234.5,1.5,1,0,13.0,1
14740,2020-02-22,ATL,3,DAL,25,1,1,6.5,-2.0,-8.5,1,1,239.0,236.5,-2.5,0,0,10.0,1
14770,2020-02-26,ATL,3,ORL,5,1,0,2.0,2.5,0.5,0,0,227.0,230.5,3.5,1,1,4.0,0
14808,2020-03-02,ATL,3,MEM,21,1,1,-1.0,-2.0,-1.0,1,0,238.5,240.0,1.5,1,0,5.0,0
14833,2020-03-06,ATL,3,WAS,1,0,0,3.5,5.5,2.0,0,0,244.5,240.0,-4.5,0,0,4.0,1
14860,2020-03-09,ATL,3,CHA,2,1,1,-4.0,-5.0,-1.0,1,0,225.0,222.0,-3.0,0,1,3.0,1
14872,2020-03-11,ATL,3,NY,6,1,1,-4.5,-5.0,-0.5,1,0,230.0,232.5,2.5,1,1,2.0,0
13940,2019-10-27,BKN,8,MEM,21,0,1,-4.0,-4.5,-0.5,1,0,224.0,224.5,0.5,1,1,5.0,1
13962,2019-10-30,BKN,8,IND,13,1,1,-3.0,-3.0,0.0,1,0,221.0,221.5,0.5,1,1,3.0,1
13973,2019-11-01,BKN,8,HOU,22,1,0,3.5,4.5,1.0,0,1,241.0,245.0,4.0,1,0,2.0,0
13981,2019-11-02,BKN,8,DET,14,0,1,-1.0,-4.0,-3.0,1,0,224.0,222.5,-1.5,0,0,1.0,1
14028,2019-11-08,BKN,8,POR,19,0,0,2.5,3.5,1.0,0,1,232.5,240.5,8.0,1,0,6.0,0
14040,2019-11-10,BKN,8,PHO,29,0,0,1.0,2.0,1.0,0,0,232.5,232.5,0.0,1,1,2.0,0
14055,2019-11-12,BKN,8,UTA,17,0,0,7.5,6.5,-1.0,1,1,220.0,220.5,0.5,1,1,2.0,0
14069,2019-11-14,BKN,8,DEN,20,0,0,7.0,7.5,0.5,0,0,225.5,223.5,-2.0,0,0,2.0,0
14078,2019-11-16,BKN,8,CHI,11,0,0,1.0,4.0,3.0,0,1,231.5,226.5,-5.0,0,1,2.0,0
14110,2019-11-20,BKN,8,CHA,2,1,1,-5.5,-4.5,1.0,0,1,221.5,219.0,-2.5,0,0,4.0,1
14139,2019-11-24,BKN,8,NY,6,0,1,-2.0,-2.5,-0.5,1,0,212.0,215.0,3.0,1,0,4.0,1
14187,2019-12-01,BKN,8,MIA,4,1,0,3.5,4.0,0.5,0,1,216.5,215.5,-1.0,0,0,7.0,1
14225,2019-12-06,BKN,8,CHA,2,0,1,-3.5,-3.0,0.5,0,1,217.5,219.5,2.0,1,0,5.0,1
14238,2019-12-08,BKN,8,DEN,20,1,0,4.0,4.0,0.0,1,1,209.0,213.0,4.0,1,0,2.0,1
14263,2019-12-11,BKN,8,CHA,2,1,1,-9.5,-10.0,-0.5,1,0,218.0,217.0,-1.0,0,1,3.0,0
14284,2019-12-14,BKN,8,TOR,10,0,0,7.5,7.5,0.0,1,0,219.5,218.5,-1.0,0,0,3.0,1
14294,2019-12-15,BKN,8,PHI,7,1,0,4.5,4.0,-0.5,1,1,215.0,220.0,5.0,1,0,1.0,1
14307,2019-12-17,BKN,8,NO,23,0,1,-1.0,-2.0,-1.0,1,1,230.5,228.5,-2.0,0,0,2.0,1
14321,2019-12-19,BKN,8,SA,24,0,0,3.0,3.5,0.5,0,0,219.0,219.5,0.5,1,1,2.0,0
14334,2019-12-21,BKN,8,ATL,3,1,1,-6.5,-7.5,-1.0,1,1,227.5,232.0,4.5,1,1,2.0,1
14364,2019-12-26,BKN,8,NY,6,1,1,-7.0,-7.0,0.0,1,0,221.0,226.0,5.0,1,0,5.0,0
14379,2019-12-28,BKN,8,HOU,22,0,0,10.0,8.5,-1.5,1,0,233.0,234.5,1.5,1,0,2.0,1
14427,2020-01-04,BKN,8,TOR,10,1,1,-1.0,-1.5,-0.5,1,0,216.5,217.5,1.0,1,1,7.0,1
14442,2020-01-06,BKN,8,ORL,5,0,0,4.5,5.0,0.5,0,0,211.0,212.5,1.5,1,0,2.0,1
14453,2020-01-07,BKN,8,OKC,18,1,1,2.0,-1.0,-3.0,1,0,217.0,217.0,0.0,1,0,1.0,1
14471,2020-01-10,BKN,8,MIA,4,1,0,3.5,4.0,0.5,0,1,217.0,218.0,1.0,1,1,3.0,0
14489,2020-01-12,BKN,8,ATL,3,1,1,-5.5,-9.0,-3.5,1,1,231.0,226.5,-4.5,0,0,2.0,0
14508,2020-01-15,BKN,8,PHI,7,0,0,7.5,7.0,-0.5,1,0,218.0,221.5,3.5,1,1,3.0,1
14530,2020-01-18,BKN,8,MIL,15,1,0,8.0,11.0,3.0,0,0,231.5,235.5,4.0,1,0,3.0,1
14592,2020-01-26,BKN,8,NY,6,0,0,-1.0,2.5,3.5,0,0,221.5,219.5,-2.0,0,0,8.0,1
14624,2020-01-31,BKN,8,CHI,11,1,1,-5.0,-5.5,-0.5,1,1,220.5,219.5,-1.0,0,1,5.0,1
14634,2020-02-01,BKN,8,WAS,1,0,1,-1.0,-1.5,-0.5,1,0,239.0,242.5,3.5,1,0,1.0,1
14684,2020-02-08,BKN,8,TOR,10,0,0,8.5,6.0,-2.5,1,1,223.0,218.0,-5.0,0,1,7.0,0
14697,2020-02-10,BKN,8,IND,13,0,0,7.0,6.5,-0.5,1,1,220.0,218.5,-1.5,0,0,2.0,0
14739,2020-02-22,BKN,8,CHA,2,0,1,-2.5,-4.0,-1.5,1,1,212.5,210.5,-2.0,0,0,12.0,0
14755,2020-02-24,BKN,8,ORL,5,1,1,-3.0,-3.5,-0.5,1,0,211.0,213.0,2.0,1,1,2.0,1
14768,2020-02-26,BKN,8,WAS,1,0,1,-1.5,-1.5,0.0,1,0,235.0,234.0,-1.0,0,0,2.0,1
14792,2020-02-29,BKN,8,MIA,4,0,0,7.0,7.5,0.5,0,1,223.0,220.0,-3.0,0,1,3.0,0
14823,2020-03-04,BKN,8,MEM,21,1,1,-2.0,-1.0,1.0,0,0,225.0,223.0,-2.0,0,0,4.0,1
14834,2020-03-06,BKN,8,SA,24,1,1,-2.5,-3.0,-0.5,1,1,221.5,225.5,4.0,1,1,2.0,0
14849,2020-03-08,BKN,8,CHI,11,1,1,-6.5,-6.0,0.5,0,0,221.5,219.5,-2.0,0,0,2.0,0
14871,2020-03-10,BKN,8,LAL,27,0,0,12.0,12.0,0.0,1,1,223.5,226.5,3.0,1,0,2.0,1
15215,2020-08-02,BKN,8,WAS,1,1,1,-2.0,-3.5,-1.5,1,1,234.5,231.5,-3.0,0,0,145.0,1
15281,2020-08-13,BKN,8,POR,19,1,0,9.5,10.0,0.5,0,1,236.0,238.5,2.5,1,1,11.0,0
13932,2019-10-26,BOS,9,NY,6,0,1,1.0,-5.5,-6.5,1,1,211.0,218.5,7.5,1,0,5.0,1
13975,2019-11-01,BOS,9,NY,6,1,1,-10.0,-9.5,0.5,0,0,213.5,211.5,-2.0,0,0,6.0,1
14000,2019-11-05,BOS,9,CLE,12,0,1,-6.0,-6.0,0.0,1,0,213.5,215.5,2.0,1,1,4.0,1
14015,2019-11-07,BOS,9,CHA,2,0,1,-6.0,-7.0,-1.0,1,1,219.0,215.0,-4.0,0,0,2.0,0
14044,2019-11-11,BOS,9,DAL,25,1,1,-3.5,-3.0,0.5,0,1,219.0,220.5,1.5,1,1,4.0,1
14059,2019-11-13,BOS,9,WAS,1,1,1,-10.5,-7.0,3.5,0,0,227.5,229.5,2.0,1,1,2.0,0
14076,2019-11-15,BOS,9,GS,26,0,1,-8.0,-6.5,1.5,0,0,225.5,223.0,-2.5,0,0,2.0,1
14087,2019-11-17,BOS,9,SAC,30,0,1,-3.5,-2.5,1.0,0,0,217.5,215.0,-2.5,0,0,2.0,0
14098,2019-11-18,BOS,9,PHO,29,0,0,3.5,2.5,-1.0,1,1,227.5,226.5,-1.0,0,0,1.0,0
14125,2019-11-22,BOS,9,DEN,20,0,0,4.5,5.5,1.0,0,1,206.0,206.5,0.5,1,0,4.0,0
14189,2019-12-01,BOS,9,NY,6,0,1,-7.0,-7.5,-0.5,1,1,209.5,209.5,0.0,1,1,9.0,0
14213,2019-12-04,BOS,9,MIA,4,1,1,-5.5,-5.5,0.0,1,1,212.5,209.0,-3.5,0,0,3.0,1
14226,2019-12-06,BOS,9,DEN,20,1,1,-3.0,-4.0,-1.0,1,1,203.0,205.5,2.5,1,0,2.0,0
14260,2019-12-11,BOS,9,IND,13,0,0,1.5,1.5,0.0,1,0,209.5,211.0,1.5,1,1,5.0,1
14270,2019-12-12,BOS,9,PHI,7,1,1,-1.5,-1.0,0.5,0,0,210.0,212.5,2.5,1,1,1.0,1
14316,2019-12-18,BOS,9,DAL,25,0,1,-1.0,-1.5,-0.5,1,1,218.5,215.5,-3.0,0,0,6.0,1
14325,2019-12-20,BOS,9,DET,14,1,1,-7.5,-9.0,-1.5,1,1,215.0,211.5,-3.5,0,0,2.0,1
14343,2019-12-22,BOS,9,CHA,2,1,1,-13.0,-12.5,0.5,0,1,209.5,209.5,0.0,1,1,2.0,0
14369,2019-12-27,BOS,9,CLE,12,1,1,-13.5,-14.0,-0.5,1,0,216.0,215.5,-0.5,0,1,5.0,0
14376,2019-12-28,BOS,9,TOR,10,1,1,-6.5,-7.0,-0.5,1,0,216.5,216.0,-0.5,0,0,1.0,0
14401,2019-12-31,BOS,9,CHA,2,0,1,-6.5,-7.5,-1.0,1,1,208.5,210.5,2.0,1,0,3.0,1
14496,2020-01-13,BOS,9,CHI,11,1,1,-9.5,-9.5,0.0,1,1,215.5,216.5,1.0,1,0,13.0,1
14507,2020-01-15,BOS,9,DET,14,1,1,-10.0,-9.5,0.5,0,0,218.0,218.5,0.5,1,1,2.0,0
14620,2020-01-30,BOS,9,GS,26,1,1,-12.0,-13.0,-1.0,1,1,217.5,225.0,7.5,1,0,15.0,0
14709,2020-02-11,BOS,9,HOU,22,0,0,3.0,2.5,-0.5,1,0,231.5,232.5,1.0,1,0,12.0,1
14863,2020-03-10,BOS,9,IND,13,0,1,-1.0,-3.0,-2.0,1,0,215.0,214.0,-1.0,0,1,28.0,0
15216,2020-08-02,BOS,9,POR,19,1,1,-4.5,-4.0,0.5,0,0,229.0,228.0,-1.0,0,1,145.0,1
15231,2020-08-04,BOS,9,MIA,4,0,1,-3.0,-4.5,-1.5,1,0,223.0,218.5,-4.5,0,0,2.0,1
15272,2020-08-11,BOS,9,MEM,21,0,1,-5.5,-4.5,1.0,0,1,224.5,228.5,4.0,1,1,7.0,0
15279,2020-08-13,BOS,9,WAS,1,1,0,-10.5,2.0,12.5,0,0,230.5,225.0,-5.5,0,0,2.0,1
13943,2019-10-27,CHA,2,LAL,27,0,0,13.5,13.0,-0.5,1,0,217.0,216.5,-0.5,0,1,5.0,1
13954,2019-10-28,CHA,2,LAC,28,0,0,14.5,15.5,1.0,0,1,226.0,228.0,2.0,1,0,1.0,0
13966,2019-10-30,CHA,2,SAC,30,0,0,7.0,7.0,0.0,1,1,224.5,223.0,-1.5,0,1,2.0,0
13986,2019-11-02,CHA,2,GS,26,0,1,1.0,-6.0,-7.0,1,0,225.0,221.0,-4.0,0,0,3.0,0
14015,2019-11-07,CHA,2,BOS,9,1,0,6.0,7.0,1.0,0,0,219.0,215.0,-4.0,0,0,5.0,1
14031,2019-11-09,CHA,2,NO,23,1,0,1.5,2.0,0.5,0,0,231.0,231.5,0.5,1,0,2.0,0
14037,2019-11-10,CHA,2,PHI,7,0,0,13.5,14.0,0.5,0,1,215.5,214.0,-1.5,0,1,1.0,1
14058,2019-11-13,CHA,2,MEM,21,1,1,-2.0,-2.0,0.0,1,0,220.0,220.5,0.5,1,1,3.0,1
14071,2019-11-15,CHA,2,DET,14,1,0,3.0,3.5,0.5,0,1,219.0,220.0,1.0,1,0,2.0,0
14080,2019-11-16,CHA,2,NY,6,0,0,4.0,3.5,-0.5,1,1,211.5,213.5,2.0,1,0,1.0,1
14094,2019-11-18,CHA,2,TOR,10,0,0,9.5,8.5,-1.0,1,0,215.5,214.5,-1.0,0,1,2.0,0
14110,2019-11-20,CHA,2,BKN,8,0,0,5.5,4.5,-1.0,1,0,221.5,219.0,-2.5,0,0,2.0,0
14119,2019-11-22,CHA,2,WAS,1,0,0,5.0,6.0,1.0,0,0,233.0,234.5,1.5,1,1,2.0,0
14130,2019-11-23,CHA,2,CHI,11,1,0,2.0,2.0,0.0,1,1,216.0,219.5,3.5,1,1,1.0,1
14148,2019-11-25,CHA,2,MIA,4,0,0,10.5,10.5,0.0,1,0,215.0,212.5,-2.5,0,1,2.0,1
14160,2019-11-27,CHA,2,DET,14,1,0,4.0,4.0,0.0,1,1,216.5,215.5,-1.0,0,0,2.0,1
14186,2019-11-30,CHA,2,MIL,15,0,0,14.5,13.5,-1.0,1,0,228.5,225.5,-3.0,0,1,3.0,1
14197,2019-12-02,CHA,2,PHO,29,1,0,4.5,4.0,-0.5,1,0,226.0,222.5,-3.5,0,0,2.0,1
14211,2019-12-04,CHA,2,GS,26,1,1,-3.0,-2.5,0.5,0,1,209.0,213.5,4.5,1,0,2.0,0
14225,2019-12-06,CHA,2,BKN,8,1,0,3.5,3.0,-0.5,1,0,217.5,219.5,2.0,1,0,2.0,0
14239,2019-12-08,CHA,2,ATL,3,1,1,-2.0,-2.0,0.0,1,0,225.0,223.0,-2.0,0,1,2.0,0
14256,2019-12-10,CHA,2,WAS,1,1,0,1.0,2.0,1.0,0,1,234.0,229.0,-5.0,0,0,2.0,0
14263,2019-12-11,CHA,2,BKN,8,0,0,9.5,10.0,0.5,0,1,218.0,217.0,-1.0,0,1,1.0,1
14277,2019-12-13,CHA,2,CHI,11,0,0,5.5,7.0,1.5,0,1,214.0,214.5,0.5,1,0,2.0,0
14292,2019-12-15,CHA,2,IND,13,0,0,10.5,11.5,1.0,0,0,214.5,210.0,-4.5,0,0,2.0,0
14305,2019-12-17,CHA,2,SAC,30,1,0,5.0,5.0,0.0,1,1,207.0,207.5,0.5,1,1,2.0,1
14310,2019-12-18,CHA,2,CLE,12,0,0,2.5,3.0,0.5,0,1,213.5,212.0,-1.5,0,0,1.0,1
14333,2019-12-21,CHA,2,UTA,17,1,0,6.0,6.5,0.5,0,0,210.0,208.5,-1.5,0,1,3.0,1
14343,2019-12-22,CHA,2,BOS,9,0,0,13.0,12.5,-0.5,1,0,209.5,209.5,0.0,1,1,1.0,1
14371,2019-12-27,CHA,2,OKC,18,1,1,4.5,-1.0,-5.5,1,0,210.5,208.0,-2.5,0,0,5.0,1
14392,2019-12-29,CHA,2,MEM,21,0,0,4.0,3.0,-1.0,1,0,218.0,220.0,2.0,1,1,2.0,1
14401,2019-12-31,CHA,2,BOS,9,1,0,6.5,7.5,1.0,0,0,208.5,210.5,2.0,1,0,2.0,1
14411,2020-01-02,CHA,2,CLE,12,0,0,2.5,1.5,-1.0,1,1,210.0,212.5,2.5,1,1,2.0,1
14433,2020-01-04,CHA,2,DAL,25,0,0,12.0,11.5,-0.5,1,1,216.0,217.5,1.5,1,1,2.0,0
14445,2020-01-06,CHA,2,IND,13,1,0,5.0,6.0,1.0,0,0,209.5,209.0,-0.5,0,1,2.0,1
14460,2020-01-08,CHA,2,TOR,10,1,0,4.0,2.5,-1.5,1,1,209.0,207.5,-1.5,0,1,2.0,0
14477,2020-01-10,CHA,2,UTA,17,0,0,13.0,12.0,-1.0,1,0,212.5,210.5,-2.0,0,0,2.0,1
14493,2020-01-12,CHA,2,PHO,29,0,0,8.0,8.5,0.5,0,1,219.5,217.5,-2.0,0,0,2.0,0
14513,2020-01-15,CHA,2,DEN,20,0,0,13.0,12.0,-1.0,1,0,210.5,209.5,-1.0,0,0,3.0,0
14550,2020-01-20,CHA,2,ORL,5,1,0,4.5,3.5,-1.0,1,0,207.5,206.0,-1.5,0,0,5.0,1
14572,2020-01-24,CHA,2,MIL,15,1,0,13.5,14.0,0.5,0,1,219.0,219.5,0.5,1,0,4.0,0
14602,2020-01-28,CHA,2,NY,6,1,1,-1.5,-1.0,0.5,0,1,210.0,207.5,-2.5,0,0,4.0,0
14618,2020-01-30,CHA,2,WAS,1,0,0,3.5,3.5,0.0,1,0,227.5,226.5,-1.0,0,1,2.0,1
14715,2020-02-12,CHA,2,MIN,16,0,0,6.5,6.5,0.0,1,1,225.0,224.0,-1.0,0,0,13.0,0
14739,2020-02-22,CHA,2,BKN,8,1,0,2.5,4.0,1.5,0,0,212.5,210.5,-2.0,0,0,10.0,1
14760,2020-02-25,CHA,2,IND,13,0,0,11.0,11.5,0.5,0,0,208.5,209.0,0.5,1,0,3.0,1
14769,2020-02-26,CHA,2,NY,6,1,0,1.5,1.5,0.0,1,1,206.0,207.5,1.5,1,1,1.0,1
14782,2020-02-28,CHA,2,TOR,10,0,0,13.5,13.5,0.0,1,1,214.5,214.0,-0.5,0,0,2.0,1
14843,2020-03-07,CHA,2,HOU,22,1,0,8.0,8.0,0.0,1,1,222.0,219.0,-3.0,0,0,8.0,1
14860,2020-03-09,CHA,2,ATL,3,0,0,4.0,5.0,1.0,0,0,225.0,222.0,-3.0,0,1,2.0,1
13933,2019-10-26,CHI,11,TOR,10,1,0,3.5,3.0,-0.5,1,0,223.0,219.0,-4.0,0,0,5.0,0
13958,2019-10-30,CHI,11,CLE,12,0,1,-1.5,-1.5,0.0,1,0,216.5,217.5,1.0,1,1,4.0,1
13976,2019-11-01,CHI,11,DET,14,1,1,-3.0,-4.0,-1.0,1,1,218.0,215.5,-2.5,0,1,2.0,1
13988,2019-11-03,CHI,11,IND,13,0,0,3.5,2.0,-1.5,1,0,214.5,217.5,3.0,1,0,2.0,1
14003,2019-11-05,CHI,11,LAL,27,1,0,6.5,7.0,0.5,0,1,212.5,215.0,2.5,1,1,2.0,1
14032,2019-11-09,CHI,11,HOU,22,1,0,6.5,6.5,0.0,1,0,232.5,233.5,1.0,1,0,4.0,0
14052,2019-11-12,CHI,11,NY,6,1,1,-6.0,-6.5,-0.5,1,1,213.0,211.5,-1.5,0,1,3.0,0
14066,2019-11-14,CHI,11,MIL,15,0,0,12.0,11.5,-0.5,1,1,230.0,229.0,-1.0,0,1,2.0,1
14078,2019-11-16,CHI,11,BKN,8,1,1,-1.0,-4.0,-3.0,1,0,231.5,226.5,-5.0,0,1,2.0,1
14095,2019-11-18,CHI,11,MIL,15,1,0,6.0,8.5,2.5,0,0,230.0,231.5,1.5,1,0,2.0,0
14112,2019-11-20,CHI,11,DET,14,1,1,-1.5,-1.0,0.5,0,1,218.5,222.0,3.5,1,0,2.0,0
14121,2019-11-22,CHI,11,MIA,4,1,0,4.0,4.5,0.5,0,0,214.5,216.5,2.0,1,1,2.0,0
14130,2019-11-23,CHI,11,CHA,2,0,1,-2.0,-2.0,0.0,1,0,216.0,219.5,3.5,1,1,1.0,1
14150,2019-11-25,CHI,11,POR,19,1,0,1.0,1.0,0.0,1,0,227.5,225.5,-2.0,0,0,2.0,1
14201,2019-12-02,CHI,11,SAC,30,0,0,4.5,5.0,0.5,0,1,211.0,212.0,1.0,1,1,7.0,1
14227,2019-12-06,CHI,11,GS,26,1,1,-5.0,-4.5,0.5,0,0,212.5,214.0,1.5,1,0,4.0,1
14240,2019-12-08,CHI,11,MIA,4,0,0,7.5,7.0,-0.5,1,1,212.0,210.5,-1.5,0,1,2.0,1
14249,2019-12-09,CHI,11,TOR,10,1,0,5.0,6.0,1.0,0,1,215.5,213.5,-2.0,0,0,1.0,1
14264,2019-12-11,CHI,11,ATL,3,1,1,-5.0,-6.5,-1.5,1,1,222.0,221.5,-0.5,0,1,2.0,0
14277,2019-12-13,CHI,11,CHA,2,1,1,-5.5,-7.0,-1.5,1,0,214.0,214.5,0.5,1,0,2.0,0
14301,2019-12-16,CHI,11,OKC,18,0,0,5.0,5.0,0.0,1,1,206.5,208.5,2.0,1,1,3.0,1
14312,2019-12-18,CHI,11,WAS,1,0,0,1.0,1.0,0.0,1,1,230.5,229.5,-1.0,0,0,2.0,0
14351,2019-12-23,CHI,11,ORL,5,0,0,3.0,5.0,2.0,0,0,209.0,205.0,-4.0,0,0,5.0,0
14414,2020-01-02,CHI,11,UTA,17,1,0,3.5,3.0,-0.5,1,0,210.5,209.0,-1.5,0,0,10.0,1
14482,2020-01-11,CHI,11,DET,14,0,0,3.5,4.0,0.5,0,1,217.0,216.5,-0.5,0,0,9.0,1
14496,2020-01-13,CHI,11,BOS,9,0,0,9.5,9.5,0.0,1,0,215.5,216.5,1.0,1,0,2.0,0
14510,2020-01-15,CHI,11,WAS,1,1,1,-4.5,-4.5,0.0,1,1,227.0,230.5,3.5,1,0,2.0,1
14523,2020-01-17,CHI,11,PHI,7,0,0,7.5,8.0,0.5,0,0,216.5,214.0,-2.5,0,0,2.0,1
14548,2020-01-20,CHI,11,MIL,15,0,0,14.5,15.5,1.0,0,1,225.5,226.0,0.5,1,0,3.0,0
14577,2020-01-24,CHI,11,SAC,30,1,1,-2.0,-1.5,0.5,0,0,221.0,217.5,-3.5,0,0,4.0,1
14585,2020-01-25,CHI,11,CLE,12,0,0,-1.0,0.5,1.5,0,1,217.0,210.5,-6.5,0,1,1.0,1
14598,2020-01-27,CHI,11,SA,24,1,1,1.5,-1.5,-3.0,1,0,218.0,212.5,-5.5,0,1,2.0,1
14624,2020-01-31,CHI,11,BKN,8,0,0,5.0,5.5,0.5,0,0,220.5,219.5,-1.0,0,1,4.0,1
14643,2020-02-02,CHI,11,TOR,10,0,0,10.5,9.5,-1.0,1,0,217.0,214.5,-2.5,0,1,2.0,0
14706,2020-02-11,CHI,11,WAS,1,0,0,2.0,3.5,1.5,0,0,230.0,230.5,0.5,1,1,9.0,0
14741,2020-02-22,CHI,11,PHO,29,1,0,1.0,3.0,2.0,0,0,219.5,222.0,2.5,1,0,11.0,1
14748,2020-02-23,CHI,11,WAS,1,1,0,0.0,3.5,3.5,0,1,231.5,230.5,-1.0,0,1,1.0,0
14762,2020-02-25,CHI,11,OKC,18,1,0,6.0,7.5,1.5,0,1,217.5,219.5,2.0,1,1,2.0,0
14849,2020-03-08,CHI,11,BKN,8,0,0,6.5,6.0,-0.5,1,1,221.5,219.5,-2.0,0,0,12.0,1
13934,2019-10-26,CLE,12,IND,13,1,0,5.5,4.5,-1.0,1,1,214.0,213.5,-0.5,0,0,5.0,0
13950,2019-10-28,CLE,12,MIL,15,0,0,14.5,15.5,1.0,0,0,222.0,225.0,3.0,1,1,2.0,1
13958,2019-10-30,CLE,12,CHI,11,1,0,1.5,1.5,0.0,1,1,216.5,217.5,1.0,1,1,2.0,1
13972,2019-11-01,CLE,12,IND,13,0,0,7.5,7.0,-0.5,1,0,211.0,215.0,4.0,1,0,2.0,1
13992,2019-11-03,CLE,12,DAL,25,1,0,4.5,5.0,0.5,0,0,215.5,218.5,3.0,1,1,2.0,1
14000,2019-11-05,CLE,12,BOS,9,1,0,6.0,6.0,0.0,1,0,213.5,215.5,2.0,1,1,2.0,0
14021,2019-11-08,CLE,12,WAS,1,0,0,4.5,5.0,0.5,0,1,227.5,233.0,5.5,1,0,3.0,1
14039,2019-11-10,CLE,12,NY,6,0,0,2.0,2.0,0.0,1,1,211.0,213.5,2.5,1,0,2.0,0
14050,2019-11-12,CLE,12,PHI,7,0,0,12.5,11.0,-1.5,1,1,215.0,219.5,4.5,1,0,2.0,0
14092,2019-11-18,CLE,12,NY,6,0,0,3.0,5.5,2.5,0,0,208.5,210.0,1.5,1,1,6.0,0
14124,2019-11-22,CLE,12,DAL,25,0,0,10.0,10.0,0.0,1,0,220.0,221.5,1.5,1,1,4.0,0
14202,2019-12-03,CLE,12,DET,14,1,0,1.0,3.5,2.5,0,0,215.5,216.5,1.0,1,1,11.0,1
14223,2019-12-06,CLE,12,ORL,5,1,0,2.5,4.5,2.0,0,0,212.5,210.0,-2.5,0,0,3.0,0
14259,2019-12-11,CLE,12,HOU,22,1,0,10.5,11.5,1.0,0,1,228.0,230.5,2.5,1,0,5.0,0
14298,2019-12-16,CLE,12,TOR,10,0,0,13.0,12.5,-0.5,1,0,216.0,217.0,1.0,1,1,5.0,1
14310,2019-12-18,CLE,12,CHA,2,1,1,-2.5,-3.0,-0.5,1,0,213.5,212.0,-1.5,0,0,2.0,1
14323,2019-12-20,CLE,12,MEM,21,1,0,2.0,2.5,0.5,0,1,224.0,221.5,-2.5,0,0,2.0,0
14347,2019-12-23,CLE,12,ATL,3,1,0,-2.0,1.5,3.5,0,1,228.5,229.5,1.0,1,1,3.0,0
14369,2019-12-27,CLE,12,BOS,9,0,0,13.5,14.0,0.5,0,1,216.0,215.5,-0.5,0,1,4.0,1
14411,2020-01-02,CLE,12,CHA,2,1,1,-2.5,-1.5,1.0,0,0,210.0,212.5,2.5,1,1,6.0,1
14430,2020-01-04,CLE,12,OKC,18,1,0,5.0,6.5,1.5,0,0,212.5,213.5,1.0,1,1,2.0,0
14451,2020-01-07,CLE,12,DET,14,1,0,3.0,3.5,0.5,0,1,215.0,219.5,4.5,1,1,3.0,0
14466,2020-01-09,CLE,12,DET,14,0,0,7.0,7.5,0.5,0,1,221.0,221.5,0.5,1,1,2.0,1
14526,2020-01-17,CLE,12,MEM,21,0,0,8.0,9.0,1.0,0,1,229.0,230.5,1.5,1,0,8.0,0
14545,2020-01-20,CLE,12,NY,6,1,0,-1.0,1.5,2.5,0,0,222.0,222.0,0.0,1,0,3.0,1
14569,2020-01-23,CLE,12,WAS,1,1,1,-1.0,-2.5,-1.5,1,0,232.5,230.5,-2.0,0,1,3.0,0
14585,2020-01-25,CLE,12,CHI,11,1,1,1.0,-0.5,-1.5,1,0,217.0,210.5,-6.5,0,1,2.0,0
14596,2020-01-27,CLE,12,DET,14,0,0,6.5,6.5,0.0,1,1,221.0,214.0,-7.0,0,1,2.0,1
14603,2020-01-28,CLE,12,NO,23,1,0,7.0,9.0,2.0,0,0,233.0,232.5,-0.5,0,1,1.0,1
14633,2020-02-01,CLE,12,GS,26,1,1,-1.5,-1.5,0.0,1,0,223.5,224.5,1.0,1,1,4.0,0
14644,2020-02-03,CLE,12,NY,6,1,0,1.0,2.0,1.0,0,0,217.0,216.0,-1.0,0,1,2.0,0
14710,2020-02-12,CLE,12,ATL,3,1,0,1.0,2.5,1.5,0,1,233.0,234.5,1.5,1,0,9.0,0
14767,2020-02-26,CLE,12,PHI,7,1,0,7.5,7.5,0.0,1,1,220.0,217.0,-3.0,0,0,14.0,0
14805,2020-03-02,CLE,12,UTA,17,1,0,8.5,10.0,1.5,0,0,219.0,221.5,2.5,1,1,5.0,0
13941,2019-10-27,DAL,25,POR,19,1,1,-1.5,-2.5,-1.0,1,0,222.0,219.5,-2.5,0,1,5.0,0
13956,2019-10-29,DAL,25,DEN,20,0,0,6.0,5.5,-0.5,1,1,216.0,212.0,-4.0,0,1,2.0,1
13977,2019-11-01,DAL,25,LAL,27,1,1,2.0,-1.0,-3.0,1,0,214.5,218.5,4.0,1,1,3.0,1
13992,2019-11-03,DAL,25,CLE,12,0,1,-4.5,-5.0,-0.5,1,1,215.5,218.5,3.0,1,1,2.0,1
14012,2019-11-06,DAL,25,ORL,5,1,1,-6.5,-7.0,-0.5,1,0,207.5,207.5,0.0,1,1,3.0,1
14025,2019-11-08,DAL,25,NY,6,1,1,-11.5,-11.0,0.5,0,0,216.5,215.5,-1.0,0,0,2.0,0
14044,2019-11-11,DAL,25,BOS,9,0,0,3.5,3.0,-0.5,1,0,219.0,220.5,1.5,1,1,3.0,1
14067,2019-11-14,DAL,25,NY,6,0,1,-7.0,-7.5,-0.5,1,0,216.0,215.0,-1.0,0,0,3.0,0
14083,2019-11-16,DAL,25,TOR,10,1,1,-3.0,-4.5,-1.5,1,1,218.5,217.5,-1.0,0,0,2.0,1
14097,2019-11-18,DAL,25,SA,24,1,1,-4.5,-4.5,0.0,1,1,226.5,224.0,-2.5,0,1,2.0,0
14108,2019-11-20,DAL,25,GS,26,1,1,-13.5,-14.5,-1.0,1,1,221.5,217.0,-4.5,0,1,2.0,0
14124,2019-11-22,DAL,25,CLE,12,1,1,-10.0,-10.0,0.0,1,1,220.0,221.5,1.5,1,1,2.0,0
14154,2019-11-26,DAL,25,LAC,28,1,0,2.5,1.5,-1.0,1,0,227.5,225.5,-2.0,0,0,4.0,0
14204,2019-12-03,DAL,25,NO,23,0,1,-4.0,-4.5,-0.5,1,1,233.5,233.5,0.0,1,0,7.0,1
14216,2019-12-04,DAL,25,MIN,16,1,1,-4.0,-5.0,-1.0,1,1,230.5,228.0,-2.5,0,1,1.0,1
14243,2019-12-08,DAL,25,SAC,30,1,1,-7.5,-9.0,-1.5,1,0,216.0,216.5,0.5,1,0,4.0,0
14272,2019-12-12,DAL,25,DET,14,0,1,-5.0,-7.0,-2.0,1,1,220.5,217.0,-3.5,0,1,4.0,1
14287,2019-12-14,DAL,25,MIA,4,1,1,-7.0,-8.5,-1.5,1,0,215.5,216.0,0.5,1,1,2.0,1
14300,2019-12-16,DAL,25,MIL,15,0,0,11.0,10.5,-0.5,1,1,227.0,227.0,0.0,1,1,2.0,1
14316,2019-12-18,DAL,25,BOS,9,1,0,1.0,1.5,0.5,0,0,218.5,215.5,-3.0,0,0,2.0,1
14328,2019-12-20,DAL,25,PHI,7,0,0,7.5,8.0,0.5,0,1,213.5,212.0,-1.5,0,1,2.0,1
14342,2019-12-22,DAL,25,TOR,10,0,0,2.5,1.5,-1.0,1,0,217.0,218.0,1.0,1,0,2.0,0
14383,2019-12-28,DAL,25,GS,26,0,1,-10.5,-10.5,0.0,1,1,218.0,218.5,0.5,1,1,6.0,0
14433,2020-01-04,DAL,25,CHA,2,1,1,-12.0,-11.5,0.5,0,0,216.0,217.5,1.5,1,1,7.0,1
14484,2020-01-11,DAL,25,PHI,7,1,1,-2.0,-2.5,-0.5,1,1,223.5,223.5,0.0,1,0,7.0,0
14583,2020-01-25,DAL,25,UTA,17,0,0,2.5,5.5,3.0,0,1,226.0,226.5,0.5,1,0,14.0,1
14608,2020-01-28,DAL,25,PHO,29,1,1,-6.5,-7.0,-0.5,1,0,228.0,227.5,-0.5,0,1,3.0,1
14701,2020-02-10,DAL,25,UTA,17,1,0,-1.0,1.0,2.0,0,0,222.0,216.5,-5.5,0,1,13.0,0
14740,2020-02-22,DAL,25,ATL,3,0,0,-6.5,2.0,8.5,0,0,239.0,236.5,-2.5,0,0,12.0,1
15220,2020-08-02,DAL,25,PHO,29,0,1,-5.5,-6.0,-0.5,1,0,236.5,235.0,-1.5,0,0,162.0,0
15228,2020-08-04,DAL,25,SAC,30,0,1,-5.5,-5.5,0.0,1,0,237.0,236.5,-0.5,0,0,2.0,0
15242,2020-08-06,DAL,25,LAC,28,1,0,4.0,4.5,0.5,0,0,231.5,231.5,0.0,1,1,2.0,1
13953,2019-10-28,DEN,20,SAC,30,0,1,-5.0,-5.0,0.0,1,1,219.0,217.5,-1.5,0,0,5.0,1
13956,2019-10-29,DEN,20,DAL,25,1,1,-6.0,-5.5,0.5,0,0,216.0,212.0,-4.0,0,1,1.0,1
13982,2019-11-02,DEN,20,ORL,5,0,1,-4.5,-3.5,1.0,0,1,204.5,200.5,-4.0,0,0,4.0,1
14005,2019-11-05,DEN,20,MIA,4,1,1,-4.0,-5.0,-1.0,1,1,209.5,211.0,1.5,1,0,3.0,1
14035,2019-11-10,DEN,20,MIN,16,0,1,-1.0,-4.0,-3.0,1,0,217.0,218.5,1.5,1,0,5.0,1
14069,2019-11-14,DEN,20,BKN,8,1,1,-7.0,-7.5,-0.5,1,1,225.5,223.5,-2.0,0,0,4.0,1
14089,2019-11-17,DEN,20,MEM,21,0,1,-7.0,-6.0,1.0,0,1,212.0,215.0,3.0,1,1,3.0,1
14114,2019-11-20,DEN,20,HOU,22,1,1,-2.0,-1.0,1.0,0,1,225.0,221.5,-3.5,0,0,3.0,1
14125,2019-11-22,DEN,20,BOS,9,1,1,-4.5,-5.5,-1.0,1,0,206.0,206.5,0.5,1,0,2.0,0
14155,2019-11-26,DEN,20,WAS,1,1,1,-10.5,-10.5,0.0,1,1,227.5,226.5,-1.0,0,0,4.0,0
14183,2019-11-30,DEN,20,SAC,30,0,1,-4.0,-4.0,0.0,1,0,205.5,205.5,0.0,1,0,4.0,1
14207,2019-12-03,DEN,20,LAL,27,1,1,-2.0,-3.0,-1.0,1,0,210.5,208.0,-2.5,0,0,3.0,1
14226,2019-12-06,DEN,20,BOS,9,0,0,3.0,4.0,1.0,0,0,203.0,205.5,2.5,1,0,3.0,1
14238,2019-12-08,DEN,20,BKN,8,0,1,-4.0,-4.0,0.0,1,0,209.0,213.0,4.0,1,0,2.0,0
14255,2019-12-10,DEN,20,PHI,7,0,0,4.0,5.5,1.5,0,1,206.5,208.5,2.0,1,0,2.0,0
14289,2019-12-14,DEN,20,OKC,18,1,1,-7.0,-6.0,1.0,0,1,205.5,204.5,-1.0,0,1,4.0,1
14295,2019-12-15,DEN,20,NY,6,1,1,-12.0,-10.5,1.5,0,0,207.5,208.5,1.0,1,1,1.0,0
14317,2019-12-18,DEN,20,ORL,5,1,1,-9.0,-9.0,0.0,1,0,203.0,204.5,1.5,1,1,3.0,0
14346,2019-12-22,DEN,20,LAL,27,0,0,7.5,2.0,-5.5,1,1,209.0,208.5,-0.5,0,1,4.0,1
14375,2019-12-28,DEN,20,MEM,21,1,1,-10.0,-9.0,1.0,0,0,216.5,218.5,2.0,1,1,6.0,1
14412,2020-01-02,DEN,20,IND,13,0,1,1.5,-1.0,-2.5,1,1,207.5,208.5,1.0,1,1,5.0,1
14492,2020-01-12,DEN,20,LAC,28,1,0,-1.0,1.0,2.0,0,1,221.0,221.0,0.0,1,0,10.0,1
14513,2020-01-15,DEN,20,CHA,2,1,1,-13.0,-12.0,1.0,0,1,210.5,209.5,-1.0,0,0,3.0,0
14541,2020-01-19,DEN,20,IND,13,1,0,-1.5,1.0,2.5,0,0,211.5,213.5,2.0,1,1,4.0,0
14552,2020-01-20,DEN,20,MIN,16,0,0,2.5,3.5,1.0,0,1,218.0,221.0,3.0,1,0,1.0,1
14576,2020-01-24,DEN,20,NO,23,0,0,3.0,4.0,1.0,0,1,231.0,229.0,-2.0,0,0,4.0,0
14621,2020-01-30,DEN,20,UTA,17,1,0,-1.5,2.5,4.0,0,1,215.5,215.5,0.0,1,0,6.0,1
14640,2020-02-02,DEN,20,DET,14,0,1,-3.0,-2.5,0.5,0,0,216.0,212.0,-4.0,0,1,3.0,1
14656,2020-02-04,DEN,20,POR,19,1,1,-4.5,-4.5,0.0,1,1,222.0,225.5,3.5,1,1,2.0,1
14702,2020-02-10,DEN,20,SA,24,1,1,-8.0,-7.0,1.0,0,0,221.5,216.0,-5.5,0,1,6.0,0
14746,2020-02-23,DEN,20,MIN,16,1,1,-12.0,-14.0,-2.0,1,0,227.0,221.5,-5.5,0,1,13.0,0
14763,2020-02-25,DEN,20,DET,14,1,1,-12.0,-13.5,-1.5,1,1,216.0,213.5,-2.5,0,0,2.0,0
14789,2020-02-28,DEN,20,LAC,28,0,0,6.0,7.0,1.0,0,0,218.5,220.0,1.5,1,1,3.0,1
15210,2020-08-01,DEN,20,MIA,4,1,0,-1.5,4.0,5.5,0,0,216.5,215.0,-1.5,0,1,155.0,1
13944,2019-10-28,DET,14,IND,13,1,0,1.5,1.5,0.0,1,1,213.0,212.5,-0.5,0,0,5.0,0
13963,2019-10-30,DET,14,TOR,10,0,0,8.0,9.5,1.5,0,0,212.0,214.0,2.0,1,1,2.0,1
13976,2019-11-01,DET,14,CHI,11,0,0,3.0,4.0,1.0,0,0,218.0,215.5,-2.5,0,1,2.0,0
13981,2019-11-02,DET,14,BKN,8,1,0,1.0,4.0,3.0,0,1,224.0,222.5,-1.5,0,0,1.0,1
14071,2019-11-15,DET,14,CHA,2,0,1,-3.0,-3.5,-0.5,1,0,219.0,220.0,1.0,1,0,13.0,1
14112,2019-11-20,DET,14,CHI,11,0,0,1.5,1.0,-0.5,1,0,218.5,222.0,3.5,1,0,5.0,0
14118,2019-11-22,DET,14,ATL,3,1,1,-5.5,-6.5,-1.0,1,1,225.0,226.5,1.5,1,1,2.0,1
14144,2019-11-25,DET,14,ORL,5,1,1,-5.5,-4.5,1.0,0,1,207.5,207.0,-0.5,0,0,3.0,0
14160,2019-11-27,DET,14,CHA,2,0,1,-4.0,-4.0,0.0,1,0,216.5,215.5,-1.0,0,0,2.0,1
14192,2019-12-01,DET,14,SA,24,1,1,-1.5,-3.0,-1.5,1,1,217.0,217.5,0.5,1,1,4.0,1
14202,2019-12-03,DET,14,CLE,12,0,1,-1.0,-3.5,-2.5,1,1,215.5,216.5,1.0,1,1,2.0,1
14248,2019-12-09,DET,14,NO,23,0,1,1.0,-1.0,-2.0,1,1,226.5,227.0,0.5,1,0,6.0,0
14272,2019-12-12,DET,14,DAL,25,1,0,5.0,7.0,2.0,0,0,220.5,217.0,-3.5,0,1,3.0,1
14325,2019-12-20,DET,14,BOS,9,0,0,7.5,9.0,1.5,0,0,215.0,211.5,-3.5,0,0,8.0,1
14363,2019-12-26,DET,14,WAS,1,1,1,-6.0,-6.5,-0.5,1,1,231.0,228.0,-3.0,0,1,6.0,1
14385,2019-12-28,DET,14,SA,24,0,0,4.5,5.0,0.5,0,0,222.5,222.0,-0.5,0,1,2.0,1
14398,2019-12-30,DET,14,UTA,17,0,0,9.0,9.5,0.5,0,0,218.0,218.0,0.0,1,0,2.0,0
14451,2020-01-07,DET,14,CLE,12,0,1,-3.0,-3.5,-0.5,1,0,215.0,219.5,4.5,1,1,8.0,0
14466,2020-01-09,DET,14,CLE,12,1,1,-7.0,-7.5,-0.5,1,0,221.0,221.5,0.5,1,1,2.0,1
14482,2020-01-11,DET,14,CHI,11,1,1,-3.5,-4.0,-0.5,1,0,217.0,216.5,-0.5,0,0,2.0,0
14507,2020-01-15,DET,14,BOS,9,0,0,10.0,9.5,-0.5,1,1,218.0,218.5,0.5,1,1,4.0,1
14532,2020-01-18,DET,14,ATL,3,0,1,-2.0,-1.0,1.0,0,1,227.0,227.5,0.5,1,1,3.0,0
14542,2020-01-20,DET,14,WAS,1,0,0,1.0,1.0,0.0,1,0,233.0,232.5,-0.5,0,0,2.0,0
14596,2020-01-27,DET,14,CLE,12,1,1,-6.5,-6.5,0.0,1,0,221.0,214.0,-7.0,0,1,7.0,1
14623,2020-01-31,DET,14,TOR,10,1,0,4.5,4.0,-0.5,1,0,223.0,223.0,0.0,1,0,4.0,0
14640,2020-02-02,DET,14,DEN,20,1,0,3.0,2.5,-0.5,1,1,216.0,212.0,-4.0,0,1,2.0,0
14711,2020-02-12,DET,14,ORL,5,0,0,7.5,6.5,-1.0,1,1,204.0,209.0,5.0,1,1,10.0,1
14751,2020-02-23,DET,14,POR,19,0,0,4.0,5.5,1.5,0,1,225.0,220.5,-4.5,0,0,11.0,0
14763,2020-02-25,DET,14,DEN,20,0,0,12.0,13.5,1.5,0,0,216.0,213.5,-2.5,0,0,2.0,0
14802,2020-03-01,DET,14,SAC,30,0,0,7.0,9.5,2.5,0,1,219.0,215.5,-3.5,0,0,5.0,0
14844,2020-03-07,DET,14,UTA,17,1,0,8.5,8.5,0.0,1,1,214.0,210.5,-3.5,0,1,6.0,1
14858,2020-03-08,DET,14,NY,6,0,0,5.5,6.0,0.5,0,0,210.5,211.5,1.0,1,0,1.0,1
13939,2019-10-27,GS,26,OKC,18,0,1,-5.0,-1.0,4.0,0,0,195.5,223.5,28.0,1,0,5.0,1
13968,2019-10-30,GS,26,PHO,29,1,1,-5.5,-5.5,0.0,1,0,228.5,232.0,3.5,1,0,3.0,1
13979,2019-11-01,GS,26,SA,24,1,0,5.0,7.0,2.0,0,0,225.0,222.0,-3.0,0,1,2.0,0
13986,2019-11-02,GS,26,CHA,2,1,0,-1.0,6.0,7.0,0,0,225.0,221.0,-4.0,0,0,1.0,0
14033,2019-11-09,GS,26,OKC,18,0,0,12.0,12.0,0.0,1,1,220.5,216.5,-4.0,0,1,7.0,1
14047,2019-11-11,GS,26,UTA,17,1,0,10.5,7.5,-3.0,1,0,212.5,211.5,-1.0,0,1,2.0,1
14062,2019-11-13,GS,26,LAL,27,0,0,13.0,8.5,-4.5,1,0,228.5,218.5,-10.0,0,0,2.0,1
14076,2019-11-15,GS,26,BOS,9,1,0,8.0,6.5,-1.5,1,1,225.5,223.0,-2.5,0,0,2.0,1
14102,2019-11-19,GS,26,MEM,21,0,0,6.0,6.5,0.5,0,1,222.0,222.0,0.0,1,0,4.0,1
14108,2019-11-20,GS,26,DAL,25,0,0,13.5,14.5,1.0,0,0,221.5,217.0,-4.5,0,1,1.0,0
14193,2019-12-01,GS,26,ORL,5,0,0,8.5,8.0,-0.5,1,1,206.5,204.5,-2.0,0,0,11.0,0
14198,2019-12-02,GS,26,ATL,3,0,0,5.5,6.5,1.0,0,0,223.0,223.5,0.5,1,0,1.0,0
14211,2019-12-04,GS,26,CHA,2,0,0,3.0,2.5,-0.5,1,0,209.0,213.5,4.5,1,0,2.0,0
14227,2019-12-06,GS,26,CHI,11,0,0,5.0,4.5,-0.5,1,1,212.5,214.0,1.5,1,0,2.0,0
14254,2019-12-09,GS,26,MEM,21,1,1,-3.0,-3.0,0.0,1,0,217.0,219.5,2.5,1,0,3.0,1
14269,2019-12-11,GS,26,NY,6,1,1,-4.5,-5.5,-1.0,1,0,210.5,211.0,0.5,1,1,2.0,0
14282,2019-12-13,GS,26,UTA,17,0,0,12.0,13.5,1.5,0,1,210.5,211.5,1.0,1,1,2.0,1
14296,2019-12-15,GS,26,SAC,30,1,0,3.0,4.5,1.5,0,0,212.0,210.0,-2.0,0,0,2.0,1
14318,2019-12-18,GS,26,POR,19,0,0,9.0,9.5,0.5,0,0,219.0,220.5,1.5,1,1,3.0,1
14332,2019-12-20,GS,26,NO,23,1,0,1.0,2.0,1.0,0,1,224.0,221.5,-2.5,0,0,2.0,1
14374,2019-12-27,GS,26,PHO,29,1,0,3.0,3.5,0.5,0,1,222.0,225.0,3.0,1,0,7.0,0
14383,2019-12-28,GS,26,DAL,25,1,0,10.5,10.5,0.0,1,0,218.0,218.5,0.5,1,1,1.0,0
14404,2019-12-31,GS,26,SA,24,0,0,9.0,11.0,2.0,0,1,220.0,217.5,-2.5,0,1,3.0,1
14536,2020-01-18,GS,26,ORL,5,1,0,4.5,6.0,1.5,0,1,211.0,214.0,3.0,1,0,18.0,1
14620,2020-01-30,GS,26,BOS,9,0,0,12.0,13.0,1.0,0,0,217.5,225.0,7.5,1,0,12.0,1
14633,2020-02-01,GS,26,CLE,12,0,0,1.5,1.5,0.0,1,1,223.5,224.5,1.0,1,1,2.0,0
14646,2020-02-03,GS,26,WAS,1,0,0,4.5,6.5,2.0,0,1,236.0,234.0,-2.0,0,1,2.0,0
14750,2020-02-23,GS,26,NO,23,1,0,8.0,10.0,2.0,0,0,238.0,238.5,0.5,1,0,20.0,1
14779,2020-02-27,GS,26,LAL,27,1,0,13.5,10.5,-3.0,1,0,225.5,220.5,-5.0,0,0,4.0,0
14847,2020-03-07,GS,26,PHI,7,1,0,2.0,3.5,1.5,0,1,226.0,221.5,-4.5,0,1,9.0,0
13935,2019-10-26,HOU,22,NO,23,1,1,-10.5,-12.0,-1.5,1,0,235.5,238.5,3.0,1,1,5.0,0
13949,2019-10-28,HOU,22,OKC,18,1,1,-10.5,-9.5,1.0,0,0,225.5,228.0,2.5,1,0,2.0,0
13965,2019-10-30,HOU,22,WAS,1,0,1,-8.5,-8.0,0.5,0,0,230.5,234.0,3.5,1,1,2.0,1
13973,2019-11-01,HOU,22,BKN,8,0,1,-3.5,-4.5,-1.0,1,0,241.0,245.0,4.0,1,0,2.0,0
13997,2019-11-04,HOU,22,MEM,21,0,1,-6.5,-6.0,0.5,0,1,235.0,230.0,-5.0,0,0,3.0,0
14032,2019-11-09,HOU,22,CHI,11,0,1,-6.5,-6.5,0.0,1,1,232.5,233.5,1.0,1,0,5.0,0
14045,2019-11-11,HOU,22,NO,23,0,1,-4.5,-7.0,-2.5,1,0,242.5,242.5,0.0,1,0,2.0,0
14096,2019-11-18,HOU,22,POR,19,1,1,-6.5,-7.5,-1.0,1,1,231.5,231.0,-0.5,0,1,7.0,1
14114,2019-11-20,HOU,22,DEN,20,0,0,2.0,1.0,-1.0,1,0,225.0,221.5,-3.5,0,0,2.0,1
14127,2019-11-22,HOU,22,LAC,28,0,0,5.0,5.5,0.5,0,1,228.0,226.5,-1.5,0,1,2.0,0
14185,2019-11-30,HOU,22,ATL,3,1,1,-13.5,-14.0,-0.5,1,1,238.5,238.0,-0.5,0,1,8.0,1
14221,2019-12-05,HOU,22,TOR,10,0,0,1.5,2.0,0.5,0,1,230.0,230.5,0.5,1,0,5.0,1
14236,2019-12-07,HOU,22,PHO,29,1,1,-9.0,-11.0,-2.0,1,0,239.5,240.5,1.0,1,0,2.0,1
14250,2019-12-09,HOU,22,SAC,30,1,1,-12.0,-12.0,0.0,1,0,227.0,225.5,-1.5,0,1,2.0,0
14259,2019-12-11,HOU,22,CLE,12,0,1,-10.5,-11.5,-1.0,1,0,228.0,230.5,2.5,1,0,2.0,1
14299,2019-12-16,HOU,22,SA,24,1,1,-10.0,-9.5,0.5,0,0,231.5,233.5,2.0,1,0,5.0,1
14322,2019-12-19,HOU,22,LAC,28,0,0,5.5,5.0,-0.5,1,1,233.0,235.5,2.5,1,1,3.0,1
14356,2019-12-23,HOU,22,SAC,30,0,1,-5.0,-6.0,-1.0,1,1,228.0,230.0,2.0,1,0,4.0,0
14379,2019-12-28,HOU,22,BKN,8,1,1,-10.0,-8.5,1.5,0,1,233.0,234.5,1.5,1,0,5.0,1
14461,2020-01-08,HOU,22,ATL,3,0,1,-8.0,-7.5,0.5,0,0,235.0,237.5,2.5,1,0,11.0,1
14504,2020-01-14,HOU,22,MEM,21,0,1,-5.0,-5.0,0.0,1,0,238.0,240.5,2.5,1,0,6.0,0
14514,2020-01-15,HOU,22,POR,19,1,1,-9.0,-8.5,0.5,0,0,236.0,236.5,0.5,1,0,1.0,1
14546,2020-01-20,HOU,22,OKC,18,1,1,-7.0,-7.0,0.0,1,0,229.0,230.5,1.5,1,0,5.0,0
14579,2020-01-24,HOU,22,MIN,16,0,1,-5.0,-5.5,-0.5,1,1,234.5,234.5,0.0,1,1,4.0,1
14641,2020-02-02,HOU,22,NO,23,1,1,-6.0,-5.0,1.0,0,1,245.0,249.5,4.5,1,0,9.0,1
14693,2020-02-09,HOU,22,UTA,17,1,1,-4.0,-2.5,1.5,0,0,233.0,233.0,0.0,1,0,7.0,0
14709,2020-02-11,HOU,22,BOS,9,1,1,-3.0,-2.5,0.5,0,1,231.5,232.5,1.0,1,0,2.0,0
14744,2020-02-22,HOU,22,UTA,17,0,0,1.5,2.0,0.5,0,1,235.0,233.0,-2.0,0,0,11.0,1
14756,2020-02-24,HOU,22,NY,6,1,1,-14.0,-12.0,2.0,0,0,230.0,225.5,-4.5,0,1,2.0,1
14806,2020-03-02,HOU,22,NY,6,0,1,-8.5,-10.0,-1.5,1,0,230.5,230.5,0.0,1,1,7.0,1
14830,2020-03-05,HOU,22,LAC,28,1,1,-1.5,-0.5,1.0,0,0,237.0,236.5,-0.5,0,0,3.0,1
14843,2020-03-07,HOU,22,CHA,2,0,1,-8.0,-8.0,0.0,1,0,222.0,219.0,-3.0,0,0,2.0,1
14855,2020-03-08,HOU,22,ORL,5,1,1,-9.5,-7.5,2.0,0,0,234.0,229.5,-4.5,0,1,1.0,1
14866,2020-03-10,HOU,22,MIN,16,1,1,-12.5,-12.5,0.0,1,0,245.0,250.5,5.5,1,0,2.0,0
15219,2020-08-02,HOU,22,MIL,15,1,0,3.5,5.0,1.5,0,1,242.0,243.0,1.0,1,0,145.0,0
15232,2020-08-04,HOU,22,POR,19,0,1,-5.0,-3.0,2.0,0,0,244.0,244.5,0.5,1,0,2.0,1
15261,2020-08-09,HOU,22,SAC,30,0,1,-5.0,-4.5,0.5,0,1,231.5,235.5,4.0,1,1,5.0,0
13934,2019-10-26,IND,13,CLE,12,0,1,-5.5,-4.5,1.0,0,0,214.0,213.5,-0.5,0,0,5.0,1
13944,2019-10-28,IND,13,DET,14,0,1,-1.5,-1.5,0.0,1,0,213.0,212.5,-0.5,0,0,2.0,0
13962,2019-10-30,IND,13,BKN,8,0,0,3.0,3.0,0.0,1,1,221.0,221.5,0.5,1,1,2.0,0
13972,2019-11-01,IND,13,CLE,12,1,1,-7.5,-7.0,0.5,0,0,211.0,215.0,4.0,1,0,2.0,1
13988,2019-11-03,IND,13,CHI,11,1,1,-3.5,-2.0,1.5,0,1,214.5,217.5,3.0,1,0,2.0,0
14036,2019-11-10,IND,13,ORL,5,0,0,1.0,4.5,3.5,0,1,203.0,202.5,-0.5,0,1,7.0,1
14049,2019-11-12,IND,13,OKC,18,1,1,-3.0,-1.0,2.0,0,1,209.5,212.5,3.0,1,0,2.0,1
14079,2019-11-16,IND,13,MIL,15,1,0,5.0,8.0,3.0,0,0,227.5,220.0,-7.5,0,0,4.0,0
14145,2019-11-25,IND,13,MEM,21,1,1,-8.0,-10.0,-2.0,1,1,217.5,216.5,-1.0,0,1,9.0,0
14200,2019-12-02,IND,13,MEM,21,0,1,-10.0,-9.0,1.0,0,1,218.5,216.5,-2.0,0,1,7.0,1
14234,2019-12-07,IND,13,NY,6,0,1,-6.5,-5.5,1.0,0,0,209.5,209.0,-0.5,0,0,5.0,0
14260,2019-12-11,IND,13,BOS,9,1,1,-1.5,-1.5,0.0,1,1,209.5,211.0,1.5,1,1,4.0,1
14276,2019-12-13,IND,13,ATL,3,0,1,-6.0,-6.0,0.0,1,1,222.5,224.5,2.0,1,0,2.0,1
14292,2019-12-15,IND,13,CHA,2,1,1,-10.5,-11.5,-1.0,1,1,214.5,210.0,-4.5,0,0,2.0,1
14344,2019-12-22,IND,13,MIL,15,0,0,6.5,8.0,1.5,0,0,219.5,220.5,1.0,1,0,7.0,1
14349,2019-12-23,IND,13,TOR,10,1,1,-6.0,-5.5,0.5,0,0,209.5,210.0,0.5,1,1,1.0,1
14400,2019-12-31,IND,13,PHI,7,1,1,1.0,-3.5,-4.5,1,1,211.5,212.5,1.0,1,0,8.0,0
14412,2020-01-02,IND,13,DEN,20,1,0,-1.5,1.0,2.5,0,0,207.5,208.5,1.0,1,1,2.0,0
14429,2020-01-04,IND,13,ATL,3,0,1,-6.0,-7.5,-1.5,1,0,222.0,220.5,-1.5,0,1,2.0,1
14445,2020-01-06,IND,13,CHA,2,0,1,-5.0,-6.0,-1.0,1,1,209.5,209.0,-0.5,0,1,2.0,0
14541,2020-01-19,IND,13,DEN,20,0,1,1.5,-1.0,-2.5,1,1,211.5,213.5,2.0,1,1,13.0,0
14554,2020-01-20,IND,13,UTA,17,0,0,7.0,7.5,0.5,0,0,217.0,215.5,-1.5,0,0,1.0,0
14631,2020-02-01,IND,13,NY,6,1,1,-10.5,-11.0,-0.5,1,0,213.5,212.5,-1.0,0,0,12.0,1
14675,2020-02-07,IND,13,TOR,10,1,1,0.0,-1.0,-1.0,1,0,219.0,218.0,-1.0,0,1,6.0,0
14697,2020-02-10,IND,13,BKN,8,1,1,-7.0,-6.5,0.5,0,0,220.0,218.5,-1.5,0,0,3.0,0
14747,2020-02-23,IND,13,TOR,10,0,0,4.5,5.5,1.0,0,0,219.5,218.5,-1.0,0,0,13.0,1
14760,2020-02-25,IND,13,CHA,2,1,1,-11.0,-11.5,-0.5,1,1,208.5,209.0,0.5,1,0,2.0,1
14776,2020-02-27,IND,13,POR,19,1,1,-10.0,-10.0,0.0,1,0,219.0,217.5,-1.5,0,0,2.0,0
14827,2020-03-04,IND,13,MIL,15,0,0,10.0,11.0,1.0,0,0,222.0,220.5,-1.5,0,0,6.0,1
14863,2020-03-10,IND,13,BOS,9,1,0,1.0,3.0,2.0,0,0,215.0,214.0,-1.0,0,1,6.0,1
15213,2020-08-01,IND,13,PHI,7,1,0,3.5,5.5,2.0,0,1,210.5,220.0,9.5,1,1,144.0,0
15241,2020-08-06,IND,13,PHO,29,0,1,-3.5,-1.5,2.0,0,0,228.5,227.5,-1.0,0,0,5.0,1
13938,2019-10-26,LAC,28,PHO,29,0,1,-8.5,-10.0,-1.5,1,0,229.5,226.0,-3.5,0,1,5.0,1
13954,2019-10-28,LAC,28,CHA,2,1,1,-14.5,-15.5,-1.0,1,0,226.0,228.0,2.0,1,0,2.0,1
13971,2019-10-31,LAC,28,SA,24,1,1,-5.0,-4.5,0.5,0,1,226.0,229.5,3.5,1,0,3.0,0
13993,2019-11-03,LAC,28,UTA,17,1,1,-4.0,-5.0,-1.0,1,1,212.0,213.0,1.0,1,0,3.0,0
14014,2019-11-06,LAC,28,MIL,15,1,0,-2.0,6.0,8.0,0,1,229.0,228.0,-1.0,0,1,3.0,0
14018,2019-11-07,LAC,28,POR,19,1,1,-5.5,-5.5,0.0,1,1,225.0,231.0,6.0,1,0,1.0,0
14085,2019-11-16,LAC,28,ATL,3,1,1,-13.0,-9.5,3.5,0,1,227.5,224.0,-3.5,0,1,9.0,0
14127,2019-11-22,LAC,28,HOU,22,1,1,-5.0,-5.5,-0.5,1,0,228.0,226.5,-1.5,0,1,6.0,0
14142,2019-11-24,LAC,28,NO,23,1,1,-12.0,-12.5,-0.5,1,1,234.0,233.5,-0.5,0,1,2.0,0
14154,2019-11-26,LAC,28,DAL,25,0,1,-2.5,-1.5,1.0,0,1,227.5,225.5,-2.0,0,0,2.0,1
14195,2019-12-01,LAC,28,WAS,1,1,1,-12.5,-12.0,0.5,0,1,237.0,241.0,4.0,1,1,5.0,1
14208,2019-12-03,LAC,28,POR,19,1,1,-8.5,-9.0,-0.5,1,1,229.0,232.5,3.5,1,0,2.0,0
14230,2019-12-06,LAC,28,MIL,15,0,0,3.0,4.5,1.5,0,0,232.0,233.5,1.5,1,0,3.0,1
14279,2019-12-13,LAC,28,MIN,16,0,1,-5.5,-4.5,1.0,0,1,231.5,228.5,-3.0,0,1,7.0,0
14322,2019-12-19,LAC,28,HOU,22,1,1,-5.5,-5.0,0.5,0,0,233.0,235.5,2.5,1,1,6.0,1
14339,2019-12-21,LAC,28,SA,24,0,1,-6.0,-7.5,-1.5,1,1,223.0,225.0,2.0,1,1,2.0,1
14388,2019-12-28,LAC,28,UTA,17,1,1,-9.0,-7.5,1.5,0,0,220.0,221.5,1.5,1,1,7.0,1
14402,2019-12-31,LAC,28,SAC,30,0,1,-7.0,-6.5,0.5,0,1,221.0,220.5,-0.5,0,0,3.0,1
14492,2020-01-12,LAC,28,DEN,20,0,1,1.0,-1.0,-2.0,1,0,221.0,221.0,0.0,1,0,12.0,0
14653,2020-02-03,LAC,28,SA,24,1,1,-10.0,-9.0,1.0,0,0,227.5,229.5,2.0,1,0,22.0,1
14705,2020-02-11,LAC,28,PHI,7,0,1,-1.0,-1.0,0.0,1,0,225.0,228.0,3.0,1,0,8.0,1
14738,2020-02-22,LAC,28,SAC,30,1,1,-9.5,-9.0,0.5,0,0,220.0,231.5,11.5,1,0,11.0,1
14774,2020-02-26,LAC,28,PHO,29,0,1,-5.5,-7.5,-2.0,1,1,233.0,233.0,0.0,1,0,4.0,1
14789,2020-02-28,LAC,28,DEN,20,1,1,-6.0,-7.0,-1.0,1,1,218.5,220.0,1.5,1,1,2.0,1
14799,2020-03-01,LAC,28,PHI,7,1,1,-12.5,-13.5,-1.0,1,0,218.5,219.0,0.5,1,1,2.0,0
14815,2020-03-03,LAC,28,OKC,18,0,1,-2.5,-4.5,-2.0,1,1,226.0,228.5,2.5,1,0,2.0,1
14830,2020-03-05,LAC,28,HOU,22,0,0,1.5,0.5,-1.0,1,1,237.0,236.5,-0.5,0,0,2.0,0
14850,2020-03-08,LAC,28,LAL,27,1,1,-2.5,-2.5,0.0,1,0,227.5,226.5,-1.0,0,0,3.0,1
15229,2020-08-04,LAC,28,PHO,29,1,1,-9.0,-8.5,0.5,0,0,230.0,230.0,0.0,1,1,149.0,0
15242,2020-08-06,LAC,28,DAL,25,0,1,-4.0,-4.5,-0.5,1,1,231.5,231.5,0.0,1,1,2.0,1
15251,2020-08-08,LAC,28,POR,19,0,0,-4.5,4.5,9.0,0,1,233.5,232.5,-1.0,0,1,2.0,0
13943,2019-10-27,LAL,27,CHA,2,1,1,-13.5,-13.0,0.5,0,1,217.0,216.5,-0.5,0,1,5.0,0
13957,2019-10-29,LAL,27,MEM,21,1,1,-11.5,-11.5,0.0,1,1,220.0,215.5,-4.5,0,0,2.0,0
13977,2019-11-01,LAL,27,DAL,25,0,0,-2.0,1.0,3.0,0,1,214.5,218.5,4.0,1,1,3.0,1
13991,2019-11-03,LAL,27,SA,24,0,1,-0.0,-1.5,-1.5,1,1,216.0,218.0,2.0,1,0,2.0,0
14003,2019-11-05,LAL,27,CHI,11,0,1,-6.5,-7.0,-0.5,1,0,212.5,215.0,2.5,1,1,2.0,0
14029,2019-11-08,LAL,27,MIA,4,1,1,-7.5,-8.0,-0.5,1,1,215.5,218.0,2.5,1,0,3.0,1
14042,2019-11-10,LAL,27,TOR,10,1,1,-9.5,-10.5,-1.0,1,0,216.0,211.5,-4.5,0,1,2.0,0
14062,2019-11-13,LAL,27,GS,26,1,1,-13.0,-8.5,4.5,0,1,228.5,218.5,-10.0,0,0,3.0,0
14091,2019-11-17,LAL,27,ATL,3,1,1,-14.0,-14.0,0.0,1,1,218.5,221.0,2.5,1,1,4.0,0
14123,2019-11-22,LAL,27,OKC,18,0,1,-4.5,-4.5,0.0,1,0,211.0,209.5,-1.5,0,1,5.0,1
14135,2019-11-23,LAL,27,MEM,21,0,1,-7.5,-7.5,0.0,1,0,221.0,225.5,4.5,1,0,1.0,0
14152,2019-11-25,LAL,27,SA,24,0,1,-4.5,-4.5,0.0,1,1,223.0,223.0,0.0,1,0,2.0,0
14167,2019-11-27,LAL,27,NO,23,0,1,-6.5,-6.5,0.0,1,0,231.5,231.5,0.0,1,0,2.0,0
14207,2019-12-03,LAL,27,DEN,20,0,0,2.0,3.0,1.0,0,1,210.5,208.0,-2.5,0,0,6.0,0
14232,2019-12-06,LAL,27,POR,19,0,1,-3.5,-4.5,-1.0,1,1,221.5,224.5,3.0,1,1,3.0,0
14261,2019-12-11,LAL,27,ORL,5,0,1,-6.5,-8.5,-2.0,1,1,212.0,211.5,-0.5,0,0,5.0,0
14293,2019-12-15,LAL,27,ATL,3,0,1,-12.0,-12.0,0.0,1,0,224.0,230.0,6.0,1,0,4.0,0
14346,2019-12-22,LAL,27,DEN,20,1,1,-7.5,-2.0,5.5,0,0,209.0,208.5,-0.5,0,1,7.0,1
14410,2020-01-01,LAL,27,PHO,29,1,1,-11.5,-11.0,0.5,0,0,226.5,226.0,-0.5,0,0,10.0,0
14425,2020-01-03,LAL,27,NO,23,1,1,-11.0,-10.0,1.0,0,0,221.5,225.5,4.0,1,1,2.0,0
14456,2020-01-07,LAL,27,NY,6,1,1,-14.0,-13.5,0.5,0,1,220.5,222.0,1.5,1,0,4.0,0
14629,2020-01-31,LAL,27,POR,19,1,1,-12.5,-13.0,-0.5,1,0,230.5,231.5,1.0,1,1,24.0,0
14657,2020-02-04,LAL,27,SA,24,1,1,-12.0,-10.5,1.5,0,1,229.0,227.0,-2.0,0,1,4.0,0
14704,2020-02-10,LAL,27,PHO,29,1,1,-12.0,-12.5,-0.5,1,1,228.0,230.5,2.5,1,0,6.0,0
14764,2020-02-25,LAL,27,NO,23,1,1,-8.0,-7.5,0.5,0,1,238.5,239.5,1.0,1,0,15.0,0
14779,2020-02-27,LAL,27,GS,26,0,1,-13.5,-10.5,3.0,0,1,225.5,220.5,-5.0,0,0,2.0,1
14842,2020-03-06,LAL,27,MIL,15,1,1,0.0,-1.5,-1.5,1,1,228.0,228.0,0.0,1,0,8.0,1
14850,2020-03-08,LAL,27,LAC,28,0,0,2.5,2.5,0.0,1,1,227.5,226.5,-1.0,0,0,2.0,1
14871,2020-03-10,LAL,27,BKN,8,1,1,-12.0,-12.0,0.0,1,0,223.5,226.5,3.0,1,0,2.0,1
15214,2020-08-01,LAL,27,TOR,10,0,1,-3.5,-2.5,1.0,0,0,213.5,224.0,10.5,1,0,144.0,1
15226,2020-08-03,LAL,27,UTA,17,0,1,-6.0,-6.0,0.0,1,1,219.0,217.0,-2.0,0,1,2.0,0
13940,2019-10-27,MEM,21,BKN,8,1,0,4.0,4.5,0.5,0,1,224.0,224.5,0.5,1,1,5.0,0
13957,2019-10-29,MEM,21,LAL,27,0,0,11.5,11.5,0.0,1,0,220.0,215.5,-4.5,0,0,2.0,1
13985,2019-11-02,MEM,21,PHO,29,1,0,1.5,3.0,1.5,0,0,223.0,221.5,-1.5,0,0,4.0,1
13997,2019-11-04,MEM,21,HOU,22,1,0,6.5,6.0,-0.5,1,0,235.0,230.0,-5.0,0,0,2.0,0
14011,2019-11-06,MEM,21,MIN,16,1,0,5.5,3.5,-2.0,1,1,225.5,224.5,-1.0,0,1,2.0,0
14020,2019-11-08,MEM,21,ORL,5,0,0,5.5,7.5,2.0,0,0,207.5,208.5,1.0,1,0,2.0,1
14046,2019-11-11,MEM,21,SA,24,0,0,10.0,10.5,0.5,0,1,223.5,225.0,1.5,1,0,3.0,0
14058,2019-11-13,MEM,21,CHA,2,0,0,2.0,2.0,0.0,1,1,220.0,220.5,0.5,1,1,2.0,0
14075,2019-11-15,MEM,21,UTA,17,1,0,7.5,7.5,0.0,1,1,215.0,215.5,0.5,1,0,2.0,1
14089,2019-11-17,MEM,21,DEN,20,1,0,7.0,6.0,-1.0,1,0,212.0,215.0,3.0,1,1,2.0,0
14102,2019-11-19,MEM,21,GS,26,1,1,-6.0,-6.5,-0.5,1,0,222.0,222.0,0.0,1,0,2.0,0
14135,2019-11-23,MEM,21,LAL,27,1,0,7.5,7.5,0.0,1,1,221.0,225.5,4.5,1,0,4.0,0
14145,2019-11-25,MEM,21,IND,13,0,0,8.0,10.0,2.0,0,0,217.5,216.5,-1.0,0,1,2.0,1
14188,2019-12-01,MEM,21,MIN,16,0,0,8.5,11.5,3.0,0,1,231.0,231.5,0.5,1,0,6.0,0
14200,2019-12-02,MEM,21,IND,13,1,0,10.0,9.0,-1.0,1,0,218.5,216.5,-2.0,0,1,1.0,1
14237,2019-12-07,MEM,21,UTA,17,0,0,12.5,11.5,-1.0,1,0,218.0,218.0,0.0,1,1,5.0,1
14254,2019-12-09,MEM,21,GS,26,0,0,3.0,3.0,0.0,1,1,217.0,219.5,2.5,1,0,2.0,0
14266,2019-12-11,MEM,21,PHO,29,0,0,7.0,8.0,1.0,0,1,231.0,230.0,-1.0,0,0,2.0,0
14302,2019-12-16,MEM,21,MIA,4,1,0,5.5,3.5,-2.0,1,1,217.5,217.5,0.0,1,1,5.0,1
14315,2019-12-18,MEM,21,OKC,18,0,0,6.0,6.0,0.0,1,1,217.5,219.0,1.5,1,1,2.0,1
14323,2019-12-20,MEM,21,CLE,12,0,1,-2.0,-2.5,-0.5,1,0,224.0,221.5,-2.5,0,0,2.0,0
14353,2019-12-23,MEM,21,SA,24,1,0,1.0,1.5,0.5,0,0,226.5,227.0,0.5,1,1,3.0,1
14375,2019-12-28,MEM,21,DEN,20,0,0,10.0,9.0,-1.0,1,0,216.5,218.5,2.0,1,1,5.0,1
14392,2019-12-29,MEM,21,CHA,2,1,1,-4.0,-3.0,1.0,0,1,218.0,220.0,2.0,1,1,1.0,1
14418,2020-01-02,MEM,21,SAC,30,0,0,4.0,4.5,0.5,0,0,222.5,223.5,1.0,1,1,4.0,1
14440,2020-01-05,MEM,21,PHO,29,0,0,6.5,6.5,0.0,1,1,233.0,235.0,2.0,1,0,3.0,0
14474,2020-01-10,MEM,21,SA,24,1,0,1.0,1.0,0.0,1,1,234.0,231.5,-2.5,0,1,5.0,1
14504,2020-01-14,MEM,21,HOU,22,1,0,5.0,5.0,0.0,1,1,238.0,240.5,2.5,1,0,4.0,0
14526,2020-01-17,MEM,21,CLE,12,1,1,-8.0,-9.0,-1.0,1,0,229.0,230.5,1.5,1,0,3.0,0
14594,2020-01-26,MEM,21,PHO,29,1,1,-2.0,-2.5,-0.5,1,1,236.0,231.0,-5.0,0,0,9.0,0
14613,2020-01-29,MEM,21,NY,6,0,1,-2.0,-2.5,-0.5,1,1,224.0,221.5,-2.5,0,1,3.0,1
14625,2020-01-31,MEM,21,NO,23,0,0,4.5,7.5,3.0,0,0,242.5,241.5,-1.0,0,1,2.0,0
14692,2020-02-09,MEM,21,WAS,1,0,1,-1.5,-3.0,-1.5,1,1,240.0,241.0,1.0,1,0,9.0,0
14716,2020-02-12,MEM,21,POR,19,1,1,-4.0,-3.5,0.5,0,1,237.0,235.0,-2.0,0,0,3.0,1
14808,2020-03-02,MEM,21,ATL,3,0,0,1.0,2.0,1.0,0,1,238.5,240.0,1.5,1,0,19.0,1
14823,2020-03-04,MEM,21,BKN,8,0,0,2.0,1.0,-1.0,1,1,225.0,223.0,-2.0,0,0,2.0,0
14868,2020-03-10,MEM,21,ORL,5,1,1,-2.0,-2.0,0.0,1,0,223.0,218.5,-4.5,0,1,6.0,1
15217,2020-08-02,MEM,21,SA,24,1,1,-2.5,-3.0,-0.5,1,0,235.0,236.0,1.0,1,0,145.0,0
15224,2020-08-03,MEM,21,NO,23,0,0,3.0,5.0,2.0,0,0,239.0,236.5,-2.5,0,0,1.0,1
15233,2020-08-05,MEM,21,UTA,17,0,0,4.0,5.0,1.0,0,0,225.0,219.5,-5.5,0,1,2.0,0
15246,2020-08-07,MEM,21,OKC,18,1,0,3.5,3.0,-0.5,1,1,224.5,220.0,-4.5,0,0,2.0,1
15257,2020-08-09,MEM,21,TOR,10,0,0,7.5,7.0,-0.5,1,0,222.5,221.5,-1.0,0,0,2.0,1
15272,2020-08-11,MEM,21,BOS,9,1,0,5.5,4.5,-1.0,1,0,224.5,228.5,4.0,1,1,2.0,1
13929,2019-10-26,MIA,4,MIL,15,0,0,9.5,11.5,2.0,0,1,226.5,223.0,-3.5,0,1,5.0,1
13942,2019-10-27,MIA,4,MIN,16,0,0,6.0,7.0,1.0,0,0,223.5,224.0,0.5,1,1,1.0,0
13955,2019-10-29,MIA,4,ATL,3,1,1,-7.5,-8.5,-1.0,1,1,224.5,223.5,-1.0,0,0,2.0,1
13969,2019-10-31,MIA,4,ATL,3,0,1,-6.5,-6.5,0.0,1,1,216.5,215.0,-1.5,0,0,2.0,1
14005,2019-11-05,MIA,4,DEN,20,0,0,4.0,5.0,1.0,0,0,209.5,211.0,1.5,1,0,5.0,0
14017,2019-11-07,MIA,4,PHO,29,0,0,1.0,2.0,1.0,0,1,216.5,219.5,3.0,1,1,2.0,0
14029,2019-11-08,MIA,4,LAL,27,0,0,7.5,8.0,0.5,0,0,215.5,218.0,2.5,1,0,1.0,0
14121,2019-11-22,MIA,4,CHI,11,0,1,-4.0,-4.5,-0.5,1,1,214.5,216.5,2.0,1,1,14.0,0
14133,2019-11-23,MIA,4,PHI,7,0,0,4.0,5.5,1.5,0,0,214.5,211.5,-3.0,0,0,1.0,0
14148,2019-11-25,MIA,4,CHA,2,1,1,-10.5,-10.5,0.0,1,1,215.0,212.5,-2.5,0,1,2.0,1
14187,2019-12-01,MIA,4,BKN,8,0,1,-3.5,-4.0,-0.5,1,0,216.5,215.5,-1.0,0,0,6.0,1
14213,2019-12-04,MIA,4,BOS,9,0,0,5.5,5.5,0.0,1,0,212.5,209.0,-3.5,0,0,3.0,0
14240,2019-12-08,MIA,4,CHI,11,1,1,-7.5,-7.0,0.5,0,0,212.0,210.5,-1.5,0,1,4.0,1
14287,2019-12-14,MIA,4,DAL,25,0,0,7.0,8.5,1.5,0,1,215.5,216.0,0.5,1,1,6.0,1
14302,2019-12-16,MIA,4,MEM,21,0,1,-5.5,-3.5,2.0,0,0,217.5,217.5,0.0,1,1,2.0,0
14313,2019-12-18,MIA,4,PHI,7,0,0,6.5,7.5,1.0,0,1,213.0,209.0,-4.0,0,1,2.0,0
14327,2019-12-20,MIA,4,NY,6,1,1,-11.0,-8.5,2.5,0,1,214.0,216.5,2.5,1,1,2.0,1
14352,2019-12-23,MIA,4,UTA,17,1,1,-4.5,-4.0,0.5,0,0,212.0,213.5,1.5,1,0,3.0,0
14380,2019-12-28,MIA,4,PHI,7,1,1,-1.0,-1.0,0.0,1,0,213.0,211.5,-1.5,0,1,5.0,0
14413,2020-01-02,MIA,4,TOR,10,1,1,-6.0,-5.5,0.5,0,1,215.0,214.5,-0.5,0,0,5.0,0
14438,2020-01-05,MIA,4,POR,19,1,1,-6.0,-5.0,1.0,0,1,221.0,215.5,-5.5,0,1,3.0,0
14471,2020-01-10,MIA,4,BKN,8,0,1,-3.5,-4.0,-0.5,1,0,217.0,218.0,1.0,1,1,5.0,1
14509,2020-01-15,MIA,4,SA,24,1,1,-5.5,-5.0,0.5,0,1,222.0,220.0,-2.0,0,0,5.0,1
14540,2020-01-19,MIA,4,SA,24,0,1,-1.0,-1.0,0.0,1,0,221.0,222.5,1.5,1,0,4.0,1
14632,2020-02-01,MIA,4,ORL,5,0,1,-1.0,-2.5,-1.5,1,1,206.5,209.5,3.0,1,0,13.0,0
14649,2020-02-03,MIA,4,PHI,7,1,1,-3.5,-2.5,1.0,0,1,213.0,211.0,-2.0,0,1,2.0,1
14719,2020-02-12,MIA,4,UTA,17,0,0,4.5,5.0,0.5,0,0,219.5,216.5,-3.0,0,1,9.0,1
14792,2020-02-29,MIA,4,BKN,8,1,1,-7.0,-7.5,-0.5,1,0,223.0,220.0,-3.0,0,1,17.0,1
14837,2020-03-06,MIA,4,NO,23,0,0,2.0,1.5,-0.5,1,0,235.5,231.5,-4.0,0,0,6.0,1
14856,2020-03-08,MIA,4,WAS,1,0,1,-4.5,-5.5,-1.0,1,1,231.5,232.5,1.0,1,0,2.0,0
15210,2020-08-01,MIA,4,DEN,20,0,1,1.5,-4.0,-5.5,1,1,216.5,215.0,-1.5,0,1,146.0,0
15231,2020-08-04,MIA,4,BOS,9,1,0,3.0,4.5,1.5,0,1,223.0,218.5,-4.5,0,0,3.0,1
13929,2019-10-26,MIL,15,MIA,4,1,1,-9.5,-11.5,-2.0,1,0,226.5,223.0,-3.5,0,1,5.0,0
13950,2019-10-28,MIL,15,CLE,12,1,1,-14.5,-15.5,-1.0,1,1,222.0,225.0,3.0,1,1,2.0,0
13974,2019-11-01,MIL,15,ORL,5,0,1,-5.0,-4.5,0.5,0,1,216.0,214.5,-1.5,0,0,4.0,1
13983,2019-11-02,MIL,15,TOR,10,1,1,-5.0,-6.5,-1.5,1,1,226.0,227.0,1.0,1,0,1.0,1
13996,2019-11-04,MIL,15,MIN,16,0,1,-6.5,-7.5,-1.0,1,1,229.5,231.0,1.5,1,1,2.0,1
14014,2019-11-06,MIL,15,LAC,28,0,1,2.0,-6.0,-8.0,1,0,229.0,228.0,-1.0,0,1,2.0,0
14027,2019-11-08,MIL,15,UTA,17,0,1,-0.0,-2.5,-2.5,1,0,216.0,217.5,1.5,1,0,2.0,0
14038,2019-11-10,MIL,15,OKC,18,0,1,-7.5,-9.0,-1.5,1,0,221.5,220.0,-1.5,0,1,2.0,0
14066,2019-11-14,MIL,15,CHI,11,1,1,-12.0,-11.5,0.5,0,0,230.0,229.0,-1.0,0,1,4.0,1
14079,2019-11-16,MIL,15,IND,13,0,1,-5.0,-8.0,-3.0,1,1,227.5,220.0,-7.5,0,0,2.0,1
14095,2019-11-18,MIL,15,CHI,11,0,1,-6.0,-8.5,-2.5,1,1,230.0,231.5,1.5,1,0,2.0,0
14107,2019-11-20,MIL,15,ATL,3,0,1,-10.0,-11.0,-1.0,1,0,233.0,232.5,-0.5,0,1,2.0,0
14163,2019-11-27,MIL,15,ATL,3,1,1,-14.5,-14.5,0.0,1,0,239.5,240.0,0.5,1,0,7.0,1
14186,2019-11-30,MIL,15,CHA,2,1,1,-14.5,-13.5,1.0,0,1,228.5,225.5,-3.0,0,1,3.0,0
14199,2019-12-02,MIL,15,NY,6,1,1,-16.0,-16.5,-0.5,1,1,220.5,222.5,2.0,1,0,2.0,0
14230,2019-12-06,MIL,15,LAC,28,1,1,-3.0,-4.5,-1.5,1,1,232.0,233.5,1.5,1,0,4.0,0
14251,2019-12-09,MIL,15,ORL,5,1,1,-11.5,-12.5,-1.0,1,0,219.5,218.5,-1.0,0,0,3.0,0
14267,2019-12-11,MIL,15,NO,23,1,1,-13.5,-9.5,4.0,0,1,235.5,233.5,-2.0,0,1,2.0,0
14300,2019-12-16,MIL,15,DAL,25,1,1,-11.0,-10.5,0.5,0,0,227.0,227.0,0.0,1,1,5.0,0
14337,2019-12-21,MIL,15,NY,6,0,1,-12.5,-12.5,0.0,1,1,227.0,227.0,0.0,1,0,5.0,1
14344,2019-12-22,MIL,15,IND,13,1,1,-6.5,-8.0,-1.5,1,1,219.5,220.5,1.0,1,0,1.0,1
14372,2019-12-27,MIL,15,ATL,3,0,1,-12.0,-7.0,5.0,0,1,237.5,235.5,-2.0,0,0,5.0,1
14435,2020-01-04,MIL,15,SA,24,1,1,-11.5,-12.0,-0.5,1,0,227.5,228.5,1.0,1,1,8.0,1
14449,2020-01-06,MIL,15,SA,24,0,1,-7.0,-8.0,-1.0,1,0,229.5,228.5,-1.0,0,1,2.0,1
14530,2020-01-18,MIL,15,BKN,8,0,1,-8.0,-11.0,-3.0,1,1,231.5,235.5,4.0,1,0,12.0,0
14548,2020-01-20,MIL,15,CHI,11,1,1,-14.5,-15.5,-1.0,1,0,225.5,226.0,0.5,1,0,2.0,1
14572,2020-01-24,MIL,15,CHA,2,0,1,-13.5,-14.0,-0.5,1,0,219.0,219.5,0.5,1,0,4.0,1
14609,2020-01-28,MIL,15,WAS,1,1,1,-16.0,-11.5,4.5,0,1,240.0,241.0,1.0,1,1,4.0,1
14642,2020-02-02,MIL,15,PHO,29,1,1,-12.5,-12.5,0.0,1,1,232.5,233.5,1.0,1,1,5.0,0
14654,2020-02-04,MIL,15,NO,23,0,1,-6.0,-6.5,-0.5,1,1,245.0,245.5,0.5,1,0,2.0,1
14680,2020-02-08,MIL,15,ORL,5,0,1,-8.0,-9.0,-1.0,1,1,218.0,220.5,2.5,1,0,4.0,0
14700,2020-02-10,MIL,15,SAC,30,1,1,-14.5,-10.5,4.0,0,1,227.0,230.0,3.0,1,1,2.0,1
14754,2020-02-24,MIL,15,WAS,1,0,1,-12.5,-13.0,-0.5,1,0,240.5,244.0,3.5,1,1,14.0,1
14761,2020-02-25,MIL,15,TOR,10,0,1,-1.5,-1.0,0.5,0,1,231.0,232.5,1.5,1,0,1.0,0
14785,2020-02-28,MIL,15,OKC,18,1,1,-10.5,-10.5,0.0,1,1,229.0,227.0,-2.0,0,0,3.0,1
14827,2020-03-04,MIL,15,IND,13,1,1,-10.0,-11.0,-1.0,1,1,222.0,220.5,-1.5,0,0,5.0,0
14842,2020-03-06,MIL,15,LAL,27,0,0,-0.0,1.5,1.5,0,0,228.0,228.0,0.0,1,0,2.0,1
15219,2020-08-02,MIL,15,HOU,22,0,1,-3.5,-5.0,-1.5,1,0,242.0,243.0,1.0,1,0,149.0,0
13942,2019-10-27,MIN,16,MIA,4,1,1,-6.0,-7.0,-1.0,1,0,223.5,224.0,0.5,1,1,5.0,0
13960,2019-10-30,MIN,16,PHI,7,0,0,6.5,7.0,0.5,0,0,226.0,222.0,-4.0,0,0,3.0,1
13984,2019-11-02,MIN,16,WAS,1,0,0,1.0,3.0,2.0,0,1,221.5,229.5,8.0,1,1,3.0,0
13996,2019-11-04,MIN,16,MIL,15,1,0,6.5,7.5,1.0,0,0,229.5,231.0,1.5,1,1,2.0,1
14011,2019-11-06,MIN,16,MEM,21,0,1,-5.5,-3.5,2.0,0,0,225.5,224.5,-1.0,0,1,2.0,1
14035,2019-11-10,MIN,16,DEN,20,1,0,1.0,4.0,3.0,0,1,217.0,218.5,1.5,1,0,4.0,1
14061,2019-11-13,MIN,16,SA,24,1,1,-1.5,-1.5,0.0,1,1,228.5,227.0,-1.5,0,1,3.0,0
14073,2019-11-15,MIN,16,WAS,1,1,1,-7.0,-5.5,1.5,0,0,238.0,239.0,1.0,1,1,2.0,0
14146,2019-11-25,MIN,16,ATL,3,0,1,-4.0,-4.5,-0.5,1,1,233.5,235.5,2.0,1,1,10.0,1
14165,2019-11-27,MIN,16,SA,24,0,0,1.5,3.0,1.5,0,1,228.0,230.0,2.0,1,0,2.0,0
14188,2019-12-01,MIN,16,MEM,21,1,1,-8.5,-11.5,-3.0,1,0,231.0,231.5,0.5,1,0,4.0,1
14216,2019-12-04,MIN,16,DAL,25,0,0,4.0,5.0,1.0,0,0,230.5,228.0,-2.5,0,1,3.0,1
14229,2019-12-06,MIN,16,OKC,18,0,0,2.0,4.0,2.0,0,0,220.0,218.5,-1.5,0,1,2.0,0
14265,2019-12-11,MIN,16,UTA,17,1,0,1.5,1.0,-0.5,1,0,222.0,221.5,-0.5,0,1,5.0,1
14279,2019-12-13,MIN,16,LAC,28,1,0,5.5,4.5,-1.0,1,0,231.5,228.5,-3.0,0,1,2.0,0
14552,2020-01-20,MIN,16,DEN,20,1,1,-2.5,-3.5,-1.0,1,0,218.0,221.0,3.0,1,0,38.0,0
14579,2020-01-24,MIN,16,HOU,22,1,0,5.0,5.5,0.5,0,0,234.5,234.5,0.0,1,1,4.0,0
14599,2020-01-27,MIN,16,SAC,30,1,1,-3.0,-3.0,0.0,1,0,225.5,223.5,-2.0,0,1,3.0,0
14652,2020-02-03,MIN,16,SAC,30,0,0,1.5,1.5,0.0,1,0,228.0,225.5,-2.5,0,0,7.0,1
14715,2020-02-12,MIN,16,CHA,2,1,1,-6.5,-6.5,0.0,1,0,225.0,224.0,-1.0,0,0,9.0,1
14746,2020-02-23,MIN,16,DEN,20,0,0,12.0,14.0,2.0,0,1,227.0,221.5,-5.5,0,1,11.0,1
14780,2020-02-28,MIN,16,ORL,5,0,0,7.5,8.0,0.5,0,0,235.0,234.0,-1.0,0,1,5.0,0
14814,2020-03-03,MIN,16,NO,23,0,0,10.5,11.0,0.5,0,1,247.5,247.5,0.0,1,1,4.0,0
14839,2020-03-06,MIN,16,ORL,5,1,0,2.0,3.0,1.0,0,0,234.5,233.5,-1.0,0,1,3.0,1
14851,2020-03-08,MIN,16,NO,23,1,0,6.0,7.0,1.0,0,0,247.0,247.5,0.5,1,0,2.0,0
14866,2020-03-10,MIN,16,HOU,22,0,0,12.5,12.5,0.0,1,1,245.0,250.5,5.5,1,0,2.0,1
13935,2019-10-26,NO,23,HOU,22,0,0,10.5,12.0,1.5,0,1,235.5,238.5,3.0,1,1,5.0,1
13980,2019-11-02,NO,23,OKC,18,0,0,3.0,2.5,-0.5,1,0,226.5,228.0,1.5,1,0,7.0,0
14023,2019-11-08,NO,23,TOR,10,1,0,2.5,2.5,0.0,1,0,232.5,232.5,0.0,1,0,6.0,1
14031,2019-11-09,NO,23,CHA,2,0,1,-1.5,-2.0,-0.5,1,1,231.0,231.5,0.5,1,0,1.0,1
14045,2019-11-11,NO,23,HOU,22,1,0,4.5,7.0,2.5,0,1,242.5,242.5,0.0,1,0,2.0,1
14137,2019-11-23,NO,23,UTA,17,0,0,8.0,5.5,-2.5,1,0,222.5,225.5,3.0,1,1,12.0,1
14142,2019-11-24,NO,23,LAC,28,0,0,12.0,12.5,0.5,0,0,234.0,233.5,-0.5,0,1,1.0,0
14167,2019-11-27,NO,23,LAL,27,1,0,6.5,6.5,0.0,1,1,231.5,231.5,0.0,1,0,3.0,1
14191,2019-12-01,NO,23,OKC,18,1,1,-1.5,-3.0,-1.5,1,0,228.5,228.5,0.0,1,0,4.0,0
14204,2019-12-03,NO,23,DAL,25,1,0,4.0,4.5,0.5,0,0,233.5,233.5,0.0,1,0,2.0,0
14222,2019-12-05,NO,23,PHO,29,1,1,-1.5,-4.0,-2.5,1,0,232.0,235.5,3.5,1,1,2.0,0
14248,2019-12-09,NO,23,DET,14,1,0,-1.0,1.0,2.0,0,0,226.5,227.0,0.5,1,0,4.0,0
14267,2019-12-11,NO,23,MIL,15,0,0,13.5,9.5,-4.0,1,0,235.5,233.5,-2.0,0,1,2.0,1
14307,2019-12-17,NO,23,BKN,8,1,0,1.0,2.0,1.0,0,0,230.5,228.5,-2.0,0,0,6.0,1
14332,2019-12-20,NO,23,GS,26,0,1,-1.0,-2.0,-1.0,1,0,224.0,221.5,-2.5,0,0,3.0,1
14355,2019-12-23,NO,23,POR,19,0,0,6.5,5.5,-1.0,1,1,228.5,229.5,1.0,1,0,3.0,0
14425,2020-01-03,NO,23,LAL,27,0,0,11.0,10.0,-1.0,1,0,221.5,225.5,4.0,1,1,11.0,0
14447,2020-01-06,NO,23,UTA,17,1,0,2.0,4.0,2.0,0,1,223.0,221.5,-1.5,0,1,3.0,1
14576,2020-01-24,NO,23,DEN,20,1,1,-3.0,-4.0,-1.0,1,0,231.0,229.0,-2.0,0,0,18.0,0
14603,2020-01-28,NO,23,CLE,12,0,1,-7.0,-9.0,-2.0,1,1,233.0,232.5,-0.5,0,1,4.0,1
14625,2020-01-31,NO,23,MEM,21,1,1,-4.5,-7.5,-3.0,1,1,242.5,241.5,-1.0,0,1,3.0,1
14641,2020-02-02,NO,23,HOU,22,0,0,6.0,5.0,-1.0,1,0,245.0,249.5,4.5,1,0,2.0,1
14654,2020-02-04,NO,23,MIL,15,1,0,6.0,6.5,0.5,0,0,245.0,245.5,0.5,1,0,2.0,1
14750,2020-02-23,NO,23,GS,26,0,1,-8.0,-10.0,-2.0,1,1,238.0,238.5,0.5,1,0,19.0,1
14764,2020-02-25,NO,23,LAL,27,0,0,8.0,7.5,-0.5,1,0,238.5,239.5,1.0,1,0,2.0,0
14814,2020-03-03,NO,23,MIN,16,1,1,-10.5,-11.0,-0.5,1,0,247.5,247.5,0.0,1,1,7.0,1
14837,2020-03-06,NO,23,MIA,4,1,1,-2.0,-1.5,0.5,0,1,235.5,231.5,-4.0,0,0,3.0,0
14851,2020-03-08,NO,23,MIN,16,0,1,-6.0,-7.0,-1.0,1,1,247.0,247.5,0.5,1,0,2.0,1
15224,2020-08-03,NO,23,MEM,21,1,1,-3.0,-5.0,-2.0,1,1,239.0,236.5,-2.5,0,0,148.0,1
15239,2020-08-06,NO,23,SAC,30,0,1,-4.0,-4.0,0.0,1,0,234.0,235.5,1.5,1,1,3.0,1
15258,2020-08-09,NO,23,SA,24,1,1,-3.0,-3.5,-0.5,1,0,240.0,239.5,-0.5,0,0,3.0,1
13932,2019-10-26,NY,6,BOS,9,1,0,-1.0,5.5,6.5,0,0,211.0,218.5,7.5,1,0,5.0,0
13959,2019-10-30,NY,6,ORL,5,0,0,8.0,9.5,1.5,0,0,209.0,209.5,0.5,1,0,4.0,1
13975,2019-11-01,NY,6,BOS,9,0,0,10.0,9.5,-0.5,1,1,213.5,211.5,-2.0,0,0,2.0,0
13990,2019-11-03,NY,6,SAC,30,1,0,-1.0,1.5,2.5,0,0,217.5,213.5,-4.0,0,0,2.0,1
14025,2019-11-08,NY,6,DAL,25,0,0,11.5,11.0,-0.5,1,1,216.5,215.5,-1.0,0,0,5.0,1
14039,2019-11-10,NY,6,CLE,12,1,1,-2.0,-2.0,0.0,1,0,211.0,213.5,2.5,1,0,2.0,1
14052,2019-11-12,NY,6,CHI,11,0,0,6.0,6.5,0.5,0,0,213.0,211.5,-1.5,0,1,2.0,1
14067,2019-11-14,NY,6,DAL,25,1,0,7.0,7.5,0.5,0,1,216.0,215.0,-1.0,0,0,2.0,1
14080,2019-11-16,NY,6,CHA,2,1,1,-4.0,-3.5,0.5,0,0,211.5,213.5,2.0,1,0,2.0,0
14092,2019-11-18,NY,6,CLE,12,1,1,-3.0,-5.5,-2.5,1,1,208.5,210.0,1.5,1,1,2.0,0
14105,2019-11-20,NY,6,PHI,7,0,0,12.5,12.5,0.0,1,1,213.5,211.0,-2.5,0,1,2.0,1
14132,2019-11-23,NY,6,SA,24,1,0,2.5,3.0,0.5,0,0,218.0,218.5,0.5,1,0,3.0,1
14139,2019-11-24,NY,6,BKN,8,1,0,2.0,2.5,0.5,0,1,212.0,215.0,3.0,1,0,1.0,0
14161,2019-11-27,NY,6,TOR,10,0,0,10.5,9.5,-1.0,1,0,209.5,211.5,2.0,1,1,3.0,1
14189,2019-12-01,NY,6,BOS,9,1,0,7.0,7.5,0.5,0,0,209.5,209.5,0.0,1,1,4.0,1
14199,2019-12-02,NY,6,MIL,15,0,0,16.0,16.5,0.5,0,0,220.5,222.5,2.0,1,0,1.0,1
14234,2019-12-07,NY,6,IND,13,1,0,6.5,5.5,-1.0,1,1,209.5,209.0,-0.5,0,0,5.0,1
14258,2019-12-10,NY,6,POR,19,0,0,9.5,9.0,-0.5,1,0,218.5,223.0,4.5,1,0,3.0,1
14269,2019-12-11,NY,6,GS,26,0,0,4.5,5.5,1.0,0,1,210.5,211.0,0.5,1,1,1.0,0
14281,2019-12-13,NY,6,SAC,30,0,0,8.0,8.5,0.5,0,1,207.5,209.5,2.0,1,0,2.0,0
14295,2019-12-15,NY,6,DEN,20,0,0,12.0,10.5,-1.5,1,1,207.5,208.5,1.0,1,1,2.0,0
14306,2019-12-17,NY,6,ATL,3,1,1,-1.0,-2.0,-1.0,1,1,220.5,225.0,4.5,1,1,2.0,1
14327,2019-12-20,NY,6,MIA,4,0,0,11.0,8.5,-2.5,1,0,214.0,216.5,2.5,1,1,3.0,1
14337,2019-12-21,NY,6,MIL,15,1,0,12.5,12.5,0.0,1,0,227.0,227.0,0.0,1,0,1.0,1
14364,2019-12-26,NY,6,BKN,8,0,0,7.0,7.0,0.0,1,1,221.0,226.0,5.0,1,0,5.0,1
14408,2020-01-01,NY,6,POR,19,1,0,4.0,4.0,0.0,1,1,222.0,226.0,4.0,1,0,6.0,1
14456,2020-01-07,NY,6,LAL,27,0,0,14.0,13.5,-0.5,1,0,220.5,222.0,1.5,1,0,6.0,1
14464,2020-01-08,NY,6,UTA,17,0,0,11.5,14.0,2.5,0,0,218.5,214.0,-4.5,0,1,1.0,0
14533,2020-01-18,NY,6,PHI,7,1,0,4.5,4.0,-0.5,1,1,220.0,219.0,-1.0,0,0,10.0,1
14545,2020-01-20,NY,6,CLE,12,0,1,1.0,-1.5,-2.5,1,1,222.0,222.0,0.0,1,0,2.0,1
14575,2020-01-24,NY,6,TOR,10,1,0,7.5,8.5,1.0,0,1,216.0,217.5,1.5,1,1,4.0,1
14592,2020-01-26,NY,6,BKN,8,1,1,1.0,-2.5,-3.5,1,1,221.5,219.5,-2.0,0,0,2.0,0
14602,2020-01-28,NY,6,CHA,2,0,0,1.5,1.0,-0.5,1,0,210.0,207.5,-2.5,0,0,2.0,1
14613,2020-01-29,NY,6,MEM,21,1,0,2.0,2.5,0.5,0,0,224.0,221.5,-2.5,0,1,1.0,1
14631,2020-02-01,NY,6,IND,13,0,0,10.5,11.0,0.5,0,1,213.5,212.5,-1.0,0,0,3.0,1
14644,2020-02-03,NY,6,CLE,12,0,1,-1.0,-2.0,-1.0,1,1,217.0,216.0,-1.0,0,1,2.0,0
14714,2020-02-12,NY,6,WAS,1,1,1,-2.5,-3.0,-0.5,1,0,228.5,227.5,-1.0,0,0,9.0,1
14756,2020-02-24,NY,6,HOU,22,0,0,14.0,12.0,-2.0,1,1,230.0,225.5,-4.5,0,1,12.0,1
14769,2020-02-26,NY,6,CHA,2,0,1,-1.5,-1.5,0.0,1,0,206.0,207.5,1.5,1,1,2.0,0
14777,2020-02-27,NY,6,PHI,7,0,0,9.0,7.5,-1.5,1,0,214.5,210.5,-4.0,0,1,1.0,0
14806,2020-03-02,NY,6,HOU,22,1,0,8.5,10.0,1.5,0,1,230.5,230.5,0.0,1,1,4.0,1
14824,2020-03-04,NY,6,UTA,17,1,0,7.5,8.5,1.0,0,1,220.0,219.5,-0.5,0,0,2.0,0
14835,2020-03-06,NY,6,OKC,18,1,0,7.0,5.5,-1.5,1,0,219.0,216.5,-2.5,0,1,2.0,0
14858,2020-03-08,NY,6,DET,14,1,1,-5.5,-6.0,-0.5,1,1,210.5,211.5,1.0,1,0,2.0,0
14864,2020-03-10,NY,6,WAS,1,0,0,3.5,5.0,1.5,0,0,227.0,230.5,3.5,1,1,2.0,1
14872,2020-03-11,NY,6,ATL,3,0,0,4.5,5.0,0.5,0,1,230.0,232.5,2.5,1,1,1.0,0
13939,2019-10-27,OKC,18,GS,26,1,0,5.0,1.0,-4.0,1,1,195.5,223.5,28.0,1,0,5.0,0
13949,2019-10-28,OKC,18,HOU,22,0,0,10.5,9.5,-1.0,1,1,225.5,228.0,2.5,1,0,1.0,1
13980,2019-11-02,OKC,18,NO,23,1,1,-3.0,-2.5,0.5,0,1,226.5,228.0,1.5,1,0,5.0,1
14004,2019-11-05,OKC,18,ORL,5,1,1,-2.5,-3.0,-0.5,1,1,202.5,201.5,-1.0,0,0,3.0,0
14016,2019-11-07,OKC,18,SA,24,0,0,4.5,5.0,0.5,0,0,215.0,212.0,-3.0,0,1,2.0,1
14033,2019-11-09,OKC,18,GS,26,1,1,-12.0,-12.0,0.0,1,0,220.5,216.5,-4.0,0,1,2.0,1
14038,2019-11-10,OKC,18,MIL,15,1,0,7.5,9.0,1.5,0,1,221.5,220.0,-1.5,0,1,1.0,0
14049,2019-11-12,OKC,18,IND,13,0,0,3.0,1.0,-2.0,1,0,209.5,212.5,3.0,1,0,2.0,1
14074,2019-11-15,OKC,18,PHI,7,1,0,2.5,3.5,1.0,0,1,214.5,214.0,-0.5,0,1,3.0,1
14123,2019-11-22,OKC,18,LAL,27,1,0,4.5,4.5,0.0,1,1,211.0,209.5,-1.5,0,1,7.0,0
14168,2019-11-27,OKC,18,POR,19,0,0,3.0,2.5,-0.5,1,0,220.0,219.0,-1.0,0,1,5.0,1
14191,2019-12-01,OKC,18,NO,23,0,0,1.5,3.0,1.5,0,1,228.5,228.5,0.0,1,0,4.0,0
14229,2019-12-06,OKC,18,MIN,16,1,1,-2.0,-4.0,-2.0,1,1,220.0,218.5,-1.5,0,1,5.0,1
14244,2019-12-08,OKC,18,POR,19,0,0,4.0,3.5,-0.5,1,1,223.0,223.5,0.5,1,0,2.0,1
14253,2019-12-09,OKC,18,UTA,17,0,0,1.0,8.5,7.5,0,1,211.5,206.5,-5.0,0,0,1.0,0
14289,2019-12-14,OKC,18,DEN,20,0,0,7.0,6.0,-1.0,1,0,205.5,204.5,-1.0,0,1,5.0,0
14301,2019-12-16,OKC,18,CHI,11,1,1,-5.0,-5.0,0.0,1,0,206.5,208.5,2.0,1,1,2.0,1
14315,2019-12-18,OKC,18,MEM,21,1,1,-6.0,-6.0,0.0,1,0,217.5,219.0,1.5,1,1,2.0,0
14371,2019-12-27,OKC,18,CHA,2,0,0,-4.5,1.0,5.5,0,1,210.5,208.0,-2.5,0,0,9.0,1
14389,2019-12-29,OKC,18,TOR,10,0,0,2.5,4.5,2.0,0,1,214.0,210.0,-4.0,0,0,2.0,0
14417,2020-01-02,OKC,18,SA,24,0,0,1.0,2.5,1.5,0,1,219.0,217.5,-1.5,0,0,4.0,0
14430,2020-01-04,OKC,18,CLE,12,0,1,-5.0,-6.5,-1.5,1,1,212.5,213.5,1.0,1,1,2.0,0
14443,2020-01-06,OKC,18,PHI,7,0,0,6.0,7.5,1.5,0,1,213.0,211.5,-1.5,0,1,2.0,0
14453,2020-01-07,OKC,18,BKN,8,0,0,-2.0,1.0,3.0,0,1,217.0,217.0,0.0,1,0,1.0,0
14512,2020-01-15,OKC,18,TOR,10,1,1,-2.0,-1.0,1.0,0,0,213.5,212.5,-1.0,0,1,8.0,1
14546,2020-01-20,OKC,18,HOU,22,0,0,7.0,7.0,0.0,1,1,229.0,230.5,1.5,1,0,5.0,1
14628,2020-01-31,OKC,18,PHO,29,0,1,-1.0,-1.0,0.0,1,1,222.5,223.0,0.5,1,0,11.0,0
14708,2020-02-11,OKC,18,SA,24,1,1,-6.5,-8.5,-2.0,1,0,221.5,220.0,-1.5,0,0,11.0,1
14749,2020-02-23,OKC,18,SA,24,1,1,-5.0,-5.0,0.0,1,1,222.5,222.5,0.0,1,1,12.0,0
14762,2020-02-25,OKC,18,CHI,11,0,1,-6.0,-7.5,-1.5,1,0,217.5,219.5,2.0,1,1,2.0,1
14778,2020-02-27,OKC,18,SAC,30,1,1,-6.5,-7.5,-1.0,1,0,222.5,220.5,-2.0,0,0,2.0,1
14785,2020-02-28,OKC,18,MIL,15,0,0,10.5,10.5,0.0,1,0,229.0,227.0,-2.0,0,0,1.0,1
14815,2020-03-03,OKC,18,LAC,28,1,0,2.5,4.5,2.0,0,0,226.0,228.5,2.5,1,0,4.0,1
14835,2020-03-06,OKC,18,NY,6,0,1,-7.0,-5.5,1.5,0,1,219.0,216.5,-2.5,0,1,3.0,1
15211,2020-08-01,OKC,18,UTA,17,1,1,1.5,-1.0,-2.5,1,1,216.5,218.5,2.0,1,0,148.0,1
15246,2020-08-07,OKC,18,MEM,21,0,1,-3.5,-3.0,0.5,0,0,224.5,220.0,-4.5,0,0,6.0,1
15256,2020-08-09,OKC,18,WAS,1,1,1,-9.5,-9.5,0.0,1,1,225.5,221.0,-4.5,0,1,2.0,1
15263,2020-08-10,OKC,18,PHO,29,0,0,3.5,8.0,4.5,0,0,225.0,220.5,-4.5,0,1,1.0,1
13931,2019-10-26,ORL,5,ATL,3,0,1,-0.0,-2.5,-2.5,1,0,219.0,216.5,-2.5,0,0,5.0,1
13947,2019-10-28,ORL,5,TOR,10,0,0,5.0,4.5,-0.5,1,0,212.0,209.5,-2.5,0,0,2.0,0
13959,2019-10-30,ORL,5,NY,6,1,1,-8.0,-9.5,-1.5,1,1,209.0,209.5,0.5,1,0,2.0,1
13974,2019-11-01,ORL,5,MIL,15,1,0,5.0,4.5,-0.5,1,0,216.0,214.5,-1.5,0,0,2.0,0
13982,2019-11-02,ORL,5,DEN,20,1,0,4.5,3.5,-1.0,1,0,204.5,200.5,-4.0,0,0,1.0,0
14004,2019-11-05,ORL,5,OKC,18,0,0,2.5,3.0,0.5,0,0,202.5,201.5,-1.0,0,0,3.0,1
14012,2019-11-06,ORL,5,DAL,25,0,0,6.5,7.0,0.5,0,1,207.5,207.5,0.0,1,1,1.0,0
14020,2019-11-08,ORL,5,MEM,21,1,1,-5.5,-7.5,-2.0,1,1,207.5,208.5,1.0,1,0,2.0,1
14036,2019-11-10,ORL,5,IND,13,1,1,-1.0,-4.5,-3.5,1,0,203.0,202.5,-0.5,0,1,2.0,0
14070,2019-11-15,ORL,5,SA,24,1,1,-2.5,-2.5,0.0,1,0,212.5,211.5,-1.0,0,1,5.0,0
14088,2019-11-17,ORL,5,WAS,1,1,1,-6.5,-6.0,0.5,0,0,222.0,225.5,3.5,1,1,2.0,0
14111,2019-11-20,ORL,5,TOR,10,0,0,4.5,3.0,-1.5,1,0,208.5,207.5,-1.0,0,1,3.0,1
14144,2019-11-25,ORL,5,DET,14,0,0,5.5,4.5,-1.0,1,0,207.5,207.0,-0.5,0,0,5.0,0
14193,2019-12-01,ORL,5,GS,26,1,1,-8.5,-8.0,0.5,0,0,206.5,204.5,-2.0,0,0,6.0,1
14210,2019-12-04,ORL,5,PHO,29,1,0,1.5,1.5,0.0,1,1,215.0,214.0,-1.0,0,1,3.0,0
14223,2019-12-06,ORL,5,CLE,12,0,1,-2.5,-4.5,-2.0,1,1,212.5,210.0,-2.5,0,0,2.0,1
14251,2019-12-09,ORL,5,MIL,15,0,0,11.5,12.5,1.0,0,1,219.5,218.5,-1.0,0,0,3.0,0
14261,2019-12-11,ORL,5,LAL,27,1,0,6.5,8.5,2.0,0,0,212.0,211.5,-0.5,0,0,2.0,1
14308,2019-12-17,ORL,5,UTA,17,0,0,5.5,6.5,1.0,0,0,207.5,207.5,0.0,1,1,6.0,1
14317,2019-12-18,ORL,5,DEN,20,0,0,9.0,9.0,0.0,1,0,203.0,204.5,1.5,1,1,1.0,0
14331,2019-12-20,ORL,5,POR,19,0,0,3.5,3.5,0.0,1,0,216.0,217.0,1.0,1,1,2.0,0
14351,2019-12-23,ORL,5,CHI,11,1,1,-3.0,-5.0,-2.0,1,1,209.0,205.0,-4.0,0,0,3.0,1
14370,2019-12-27,ORL,5,PHI,7,1,0,4.0,3.5,-0.5,1,1,209.0,210.0,1.0,1,0,4.0,0
14442,2020-01-06,ORL,5,BKN,8,1,1,-4.5,-5.0,-0.5,1,1,211.0,212.5,1.5,1,0,10.0,0
14476,2020-01-10,ORL,5,PHO,29,0,0,-1.0,4.0,5.0,0,0,217.0,217.5,0.5,1,0,4.0,1
14536,2020-01-18,ORL,5,GS,26,0,1,-4.5,-6.0,-1.5,1,0,211.0,214.0,3.0,1,0,8.0,0
14550,2020-01-20,ORL,5,CHA,2,0,1,-4.5,-3.5,1.0,0,1,207.5,206.0,-1.5,0,0,2.0,0
14632,2020-02-01,ORL,5,MIA,4,1,0,1.0,2.5,1.5,0,0,206.5,209.5,3.0,1,0,12.0,1
14680,2020-02-08,ORL,5,MIL,15,1,0,8.0,9.0,1.0,0,0,218.0,220.5,2.5,1,0,7.0,0
14711,2020-02-12,ORL,5,DET,14,1,1,-7.5,-6.5,1.0,0,0,204.0,209.0,5.0,1,1,4.0,0
14755,2020-02-24,ORL,5,BKN,8,0,0,3.0,3.5,0.5,0,1,211.0,213.0,2.0,1,1,12.0,1
14770,2020-02-26,ORL,5,ATL,3,0,1,-2.0,-2.5,-0.5,1,1,227.0,230.5,3.5,1,1,2.0,0
14780,2020-02-28,ORL,5,MIN,16,1,1,-7.5,-8.0,-0.5,1,1,235.0,234.0,-1.0,0,1,2.0,1
14807,2020-03-02,ORL,5,POR,19,1,1,-7.0,-7.0,0.0,1,0,223.5,219.0,-4.5,0,1,3.0,0
14839,2020-03-06,ORL,5,MIN,16,0,1,-2.0,-3.0,-1.0,1,1,234.5,233.5,-1.0,0,1,4.0,1
14855,2020-03-08,ORL,5,HOU,22,0,0,9.5,7.5,-2.0,1,1,234.0,229.5,-4.5,0,1,2.0,0
14868,2020-03-10,ORL,5,MEM,21,0,0,2.0,2.0,0.0,1,1,223.0,218.5,-4.5,0,1,2.0,0
15218,2020-08-02,ORL,5,SAC,30,1,1,-2.5,-2.0,0.5,0,1,226.0,228.0,2.0,1,1,145.0,1
15237,2020-08-05,ORL,5,TOR,10,1,0,5.0,7.0,2.0,0,0,224.5,221.5,-3.0,0,0,3.0,0
13960,2019-10-30,PHI,7,MIN,16,1,1,-6.5,-7.0,-0.5,1,1,226.0,222.0,-4.0,0,0,5.0,0
13987,2019-11-02,PHI,7,POR,19,0,1,2.5,-1.0,-3.5,1,0,217.5,224.0,6.5,1,1,3.0,1
13998,2019-11-04,PHI,7,PHO,29,0,1,-1.5,-1.0,0.5,0,0,222.0,224.0,2.0,1,0,2.0,0
14013,2019-11-06,PHI,7,UTA,17,0,0,1.5,2.0,0.5,0,0,212.0,209.5,-2.5,0,1,2.0,0
14037,2019-11-10,PHI,7,CHA,2,1,1,-13.5,-14.0,-0.5,1,0,215.5,214.0,-1.5,0,1,4.0,1
14050,2019-11-12,PHI,7,CLE,12,1,1,-12.5,-11.0,1.5,0,0,215.0,219.5,4.5,1,0,2.0,0
14074,2019-11-15,PHI,7,OKC,18,0,1,-2.5,-3.5,-1.0,1,0,214.5,214.0,-0.5,0,1,3.0,1
14105,2019-11-20,PHI,7,NY,6,1,1,-12.5,-12.5,0.0,1,0,213.5,211.0,-2.5,0,1,5.0,1
14122,2019-11-22,PHI,7,SA,24,1,1,-8.0,-7.0,1.0,0,1,224.5,221.0,-3.5,0,0,2.0,0
14133,2019-11-23,PHI,7,MIA,4,1,1,-4.0,-5.5,-1.5,1,1,214.5,211.5,-3.0,0,0,1.0,0
14149,2019-11-25,PHI,7,TOR,10,0,1,1.0,-2.0,-3.0,1,0,214.0,212.0,-2.0,0,0,2.0,1
14159,2019-11-27,PHI,7,SAC,30,1,1,-9.5,-8.5,1.0,0,0,209.0,211.5,2.5,1,0,2.0,1
14196,2019-12-02,PHI,7,UTA,17,1,1,-4.5,-5.5,-1.0,1,1,208.5,208.5,0.0,1,0,5.0,0
14219,2019-12-05,PHI,7,WAS,1,0,1,-5.5,-8.0,-2.5,1,0,234.5,234.0,-0.5,0,0,3.0,1
14241,2019-12-08,PHI,7,TOR,10,1,1,-3.0,-3.0,0.0,1,1,210.5,213.5,3.0,1,1,3.0,1
14255,2019-12-10,PHI,7,DEN,20,1,1,-4.0,-5.5,-1.5,1,0,206.5,208.5,2.0,1,0,2.0,0
14270,2019-12-12,PHI,7,BOS,9,0,0,1.5,1.0,-0.5,1,1,210.0,212.5,2.5,1,1,2.0,1
14294,2019-12-15,PHI,7,BKN,8,0,1,-4.5,-4.0,0.5,0,0,215.0,220.0,5.0,1,0,3.0,0
14313,2019-12-18,PHI,7,MIA,4,1,1,-6.5,-7.5,-1.0,1,0,213.0,209.0,-4.0,0,1,3.0,1
14328,2019-12-20,PHI,7,DAL,25,1,1,-7.5,-8.0,-0.5,1,0,213.5,212.0,-1.5,0,1,2.0,0
14370,2019-12-27,PHI,7,ORL,5,0,1,-4.0,-3.5,0.5,0,0,209.0,210.0,1.0,1,0,7.0,1
14380,2019-12-28,PHI,7,MIA,4,0,0,1.0,1.0,0.0,1,0,213.0,211.5,-1.5,0,1,1.0,0
14400,2019-12-31,PHI,7,IND,13,0,0,-1.0,3.5,4.5,0,0,211.5,212.5,1.0,1,0,3.0,0
14443,2020-01-06,PHI,7,OKC,18,1,1,-6.0,-7.5,-1.5,1,0,213.0,211.5,-1.5,0,1,6.0,1
14484,2020-01-11,PHI,7,DAL,25,0,0,2.0,2.5,0.5,0,0,223.5,223.5,0.0,1,0,5.0,1
14508,2020-01-15,PHI,7,BKN,8,1,1,-7.5,-7.0,0.5,0,1,218.0,221.5,3.5,1,1,4.0,1
14523,2020-01-17,PHI,7,CHI,11,1,1,-7.5,-8.0,-0.5,1,1,216.5,214.0,-2.5,0,0,2.0,0
14533,2020-01-18,PHI,7,NY,6,0,1,-4.5,-4.0,0.5,0,0,220.0,219.0,-1.0,0,0,1.0,1
14563,2020-01-22,PHI,7,TOR,10,0,0,5.5,6.5,1.0,0,0,219.5,215.5,-4.0,0,0,4.0,0
14619,2020-01-30,PHI,7,ATL,3,0,1,-7.5,-6.5,1.0,0,0,228.0,228.5,0.5,1,1,8.0,0
14649,2020-02-03,PHI,7,MIA,4,0,0,3.5,2.5,-1.0,1,0,213.0,211.0,-2.0,0,1,4.0,0
14705,2020-02-11,PHI,7,LAC,28,1,0,1.0,1.0,0.0,1,1,225.0,228.0,3.0,1,0,8.0,1
14767,2020-02-26,PHI,7,CLE,12,0,1,-7.5,-7.5,0.0,1,0,220.0,217.0,-3.0,0,0,15.0,1
14777,2020-02-27,PHI,7,NY,6,1,1,-9.0,-7.5,1.5,0,1,214.5,210.5,-4.0,0,1,1.0,1
14799,2020-03-01,PHI,7,LAC,28,0,0,12.5,13.5,1.0,0,1,218.5,219.0,0.5,1,1,3.0,1
14831,2020-03-05,PHI,7,SAC,30,0,0,4.0,5.5,1.5,0,1,221.5,219.0,-2.5,0,1,4.0,0
14847,2020-03-07,PHI,7,GS,26,0,1,-2.0,-3.5,-1.5,1,0,226.0,221.5,-4.5,0,1,2.0,0
15213,2020-08-01,PHI,7,IND,13,0,1,-3.5,-5.5,-2.0,1,0,210.5,220.0,9.5,1,1,147.0,0
15225,2020-08-03,PHI,7,SA,24,1,1,-7.0,-7.0,0.0,1,0,229.0,227.5,-1.5,0,1,2.0,1
15235,2020-08-05,PHI,7,WAS,1,0,1,-10.5,-10.5,0.0,1,0,233.0,229.0,-4.0,0,0,2.0,1
15260,2020-08-09,PHI,7,POR,19,0,0,2.0,2.5,0.5,0,0,228.5,228.5,0.0,1,1,4.0,0
13938,2019-10-26,PHO,29,LAC,28,1,0,8.5,10.0,1.5,0,1,229.5,226.0,-3.5,0,1,5.0,0
13952,2019-10-28,PHO,29,UTA,17,1,0,5.0,5.0,0.0,1,1,218.0,213.0,-5.0,0,0,2.0,0
13968,2019-10-30,PHO,29,GS,26,0,0,5.5,5.5,0.0,1,1,228.5,232.0,3.5,1,0,2.0,1
13985,2019-11-02,PHO,29,MEM,21,0,1,-1.5,-3.0,-1.5,1,1,223.0,221.5,-1.5,0,0,3.0,0
13998,2019-11-04,PHO,29,PHI,7,1,0,1.5,1.0,-0.5,1,1,222.0,224.0,2.0,1,0,2.0,1
14017,2019-11-07,PHO,29,MIA,4,1,1,-1.0,-2.0,-1.0,1,0,216.5,219.5,3.0,1,1,3.0,0
14040,2019-11-10,PHO,29,BKN,8,1,1,-1.0,-2.0,-1.0,1,1,232.5,232.5,0.0,1,1,3.0,0
14068,2019-11-14,PHO,29,ATL,3,1,1,-7.0,-8.0,-1.0,1,1,227.0,229.5,2.5,1,1,4.0,0
14098,2019-11-18,PHO,29,BOS,9,1,1,-3.5,-2.5,1.0,0,0,227.5,226.5,-1.0,0,0,4.0,0
14103,2019-11-19,PHO,29,SAC,30,0,0,1.0,2.5,1.5,0,0,220.5,218.0,-2.5,0,1,1.0,1
14166,2019-11-27,PHO,29,WAS,1,1,1,-8.0,-7.0,1.0,0,0,243.0,241.0,-2.0,0,1,8.0,1
14197,2019-12-02,PHO,29,CHA,2,0,1,-4.5,-4.0,0.5,0,1,226.0,222.5,-3.5,0,0,5.0,1
14210,2019-12-04,PHO,29,ORL,5,0,1,-1.5,-1.5,0.0,1,0,215.0,214.0,-1.0,0,1,2.0,0
14222,2019-12-05,PHO,29,NO,23,0,0,1.5,4.0,2.5,0,1,232.0,235.5,3.5,1,1,1.0,0
14236,2019-12-07,PHO,29,HOU,22,0,0,9.0,11.0,2.0,0,1,239.5,240.5,1.0,1,0,2.0,0
14266,2019-12-11,PHO,29,MEM,21,1,1,-7.0,-8.0,-1.0,1,0,231.0,230.0,-1.0,0,0,4.0,1
14374,2019-12-27,PHO,29,GS,26,0,1,-3.0,-3.5,-0.5,1,0,222.0,225.0,3.0,1,0,16.0,1
14399,2019-12-30,PHO,29,POR,19,0,0,4.0,3.5,-0.5,1,1,231.0,231.0,0.0,1,1,3.0,0
14410,2020-01-01,PHO,29,LAL,27,0,0,11.5,11.0,-0.5,1,1,226.5,226.0,-0.5,0,0,2.0,0
14440,2020-01-05,PHO,29,MEM,21,1,1,-6.5,-6.5,0.0,1,0,233.0,235.0,2.0,1,0,4.0,1
14455,2020-01-07,PHO,29,SAC,30,1,1,-5.0,-6.5,-1.5,1,0,226.5,226.0,-0.5,0,0,2.0,0
14476,2020-01-10,PHO,29,ORL,5,1,1,1.0,-4.0,-5.0,1,0,217.0,217.5,0.5,1,0,3.0,0
14493,2020-01-12,PHO,29,CHA,2,1,1,-8.0,-8.5,-0.5,1,0,219.5,217.5,-2.0,0,0,2.0,0
14581,2020-01-24,PHO,29,SA,24,0,0,4.0,5.0,1.0,0,1,229.5,226.0,-3.5,0,0,12.0,1
14594,2020-01-26,PHO,29,MEM,21,0,0,2.0,2.5,0.5,0,0,236.0,231.0,-5.0,0,0,2.0,0
14608,2020-01-28,PHO,29,DAL,25,0,0,6.5,7.0,0.5,0,1,228.0,227.5,-0.5,0,1,2.0,0
14628,2020-01-31,PHO,29,OKC,18,1,0,1.0,1.0,0.0,1,0,222.5,223.0,0.5,1,0,3.0,1
14642,2020-02-02,PHO,29,MIL,15,0,0,12.5,12.5,0.0,1,0,232.5,233.5,1.0,1,1,2.0,1
14704,2020-02-10,PHO,29,LAL,27,0,0,12.0,12.5,0.5,0,0,228.0,230.5,2.5,1,0,8.0,0
14741,2020-02-22,PHO,29,CHI,11,0,1,-1.0,-3.0,-2.0,1,1,219.5,222.0,2.5,1,0,12.0,0
14758,2020-02-24,PHO,29,UTA,17,0,0,7.5,8.0,0.5,0,1,223.5,224.0,0.5,1,1,2.0,0
14774,2020-02-26,PHO,29,LAC,28,1,0,5.5,7.5,2.0,0,0,233.0,233.0,0.0,1,0,2.0,1
15220,2020-08-02,PHO,29,DAL,25,1,0,5.5,6.0,0.5,0,1,236.5,235.0,-1.5,0,0,158.0,0
15229,2020-08-04,PHO,29,LAC,28,0,0,9.0,8.5,-0.5,1,1,230.0,230.0,0.0,1,1,2.0,1
15241,2020-08-06,PHO,29,IND,13,1,0,3.5,1.5,-2.0,1,1,228.5,227.5,-1.0,0,0,2.0,1
15263,2020-08-10,PHO,29,OKC,18,1,1,-3.5,-8.0,-4.5,1,1,225.0,220.5,-4.5,0,1,4.0,0
13941,2019-10-27,POR,19,DAL,25,0,0,1.5,2.5,1.0,0,1,222.0,219.5,-2.5,0,1,5.0,1
13951,2019-10-28,POR,19,SA,24,0,0,4.0,5.5,1.5,0,1,220.5,223.5,3.0,1,0,1.0,0
13987,2019-11-02,POR,19,PHI,7,1,0,-2.5,1.0,3.5,0,0,217.5,224.0,6.5,1,1,5.0,1
14018,2019-11-07,POR,19,LAC,28,0,0,5.5,5.5,0.0,1,0,225.0,231.0,6.0,1,0,5.0,1
14028,2019-11-08,POR,19,BKN,8,1,1,-2.5,-3.5,-1.0,1,0,232.5,240.5,8.0,1,0,1.0,1
14041,2019-11-10,POR,19,ATL,3,1,1,-8.5,-9.0,-0.5,1,1,228.0,226.5,-1.5,0,1,2.0,0
14056,2019-11-12,POR,19,SAC,30,0,1,1.5,-1.5,-3.0,1,0,227.0,222.5,-4.5,0,0,2.0,1
14063,2019-11-13,POR,19,TOR,10,1,1,-3.5,-2.5,1.0,0,0,220.0,219.5,-0.5,0,1,1.0,1
14084,2019-11-16,POR,19,SA,24,0,0,2.5,1.0,-1.5,1,1,227.0,226.5,-0.5,0,1,3.0,1
14096,2019-11-18,POR,19,HOU,22,0,0,6.5,7.5,1.0,0,0,231.5,231.0,-0.5,0,1,2.0,0
14150,2019-11-25,POR,19,CHI,11,0,1,-1.0,-1.0,0.0,1,1,227.5,225.5,-2.0,0,0,7.0,0
14168,2019-11-27,POR,19,OKC,18,1,1,-3.0,-2.5,0.5,0,1,220.0,219.0,-1.0,0,1,2.0,1
14208,2019-12-03,POR,19,LAC,28,0,0,8.5,9.0,0.5,0,0,229.0,232.5,3.5,1,0,6.0,1
14218,2019-12-04,POR,19,SAC,30,1,1,-3.5,-5.0,-1.5,1,1,218.5,216.5,-2.0,0,1,1.0,1
14232,2019-12-06,POR,19,LAL,27,1,0,3.5,4.5,1.0,0,0,221.5,224.5,3.0,1,1,2.0,0
14244,2019-12-08,POR,19,OKC,18,1,1,-4.0,-3.5,0.5,0,0,223.0,223.5,0.5,1,0,2.0,0
14258,2019-12-10,POR,19,NY,6,1,1,-9.5,-9.0,0.5,0,1,218.5,223.0,4.5,1,0,2.0,0
14318,2019-12-18,POR,19,GS,26,1,1,-9.0,-9.5,-0.5,1,1,219.0,220.5,1.5,1,1,8.0,0
14331,2019-12-20,POR,19,ORL,5,1,1,-3.5,-3.5,0.0,1,1,216.0,217.0,1.0,1,1,2.0,0
14355,2019-12-23,POR,19,NO,23,1,1,-6.5,-5.5,1.0,0,0,228.5,229.5,1.0,1,0,3.0,0
14368,2019-12-26,POR,19,UTA,17,0,0,6.0,5.5,-0.5,1,0,220.0,221.5,1.5,1,1,3.0,1
14399,2019-12-30,POR,19,PHO,29,1,1,-4.0,-3.5,0.5,0,0,231.0,231.0,0.0,1,1,4.0,1
14408,2020-01-01,POR,19,NY,6,0,1,-4.0,-4.0,0.0,1,0,222.0,226.0,4.0,1,0,2.0,1
14438,2020-01-05,POR,19,MIA,4,0,0,6.0,5.0,-1.0,1,0,221.0,215.5,-5.5,0,1,4.0,0
14514,2020-01-15,POR,19,HOU,22,0,0,9.0,8.5,-0.5,1,1,236.0,236.5,0.5,1,0,10.0,0
14629,2020-01-31,POR,19,LAL,27,0,0,12.5,13.0,0.5,0,1,230.5,231.5,1.0,1,1,16.0,0
14656,2020-02-04,POR,19,DEN,20,0,0,4.5,4.5,0.0,1,0,222.0,225.5,3.5,1,1,4.0,0
14679,2020-02-07,POR,19,UTA,17,0,0,8.5,11.0,2.5,0,1,226.5,229.5,3.0,1,1,3.0,0
14716,2020-02-12,POR,19,MEM,21,0,0,4.0,3.5,-0.5,1,0,237.0,235.0,-2.0,0,0,5.0,0
14751,2020-02-23,POR,19,DET,14,1,1,-4.0,-5.5,-1.5,1,0,225.0,220.5,-4.5,0,0,11.0,1
14776,2020-02-27,POR,19,IND,13,0,0,10.0,10.0,0.0,1,1,219.0,217.5,-1.5,0,0,4.0,1
14807,2020-03-02,POR,19,ORL,5,0,0,7.0,7.0,0.0,1,1,223.5,219.0,-4.5,0,1,4.0,0
14848,2020-03-07,POR,19,SAC,30,1,1,-3.0,-2.5,0.5,0,0,230.0,230.5,0.5,1,1,5.0,1
15216,2020-08-02,POR,19,BOS,9,0,0,4.5,4.0,-0.5,1,0,229.0,228.0,-1.0,0,1,148.0,1
15232,2020-08-04,POR,19,HOU,22,1,0,5.0,3.0,-2.0,1,1,244.0,244.5,0.5,1,0,2.0,1
15251,2020-08-08,POR,19,LAC,28,1,1,4.5,-4.5,-9.0,1,0,233.5,232.5,-1.0,0,1,4.0,0
15260,2020-08-09,POR,19,PHI,7,1,1,-2.0,-2.5,-0.5,1,1,228.5,228.5,0.0,1,1,1.0,0
15281,2020-08-13,POR,19,BKN,8,0,1,-9.5,-10.0,-0.5,1,0,236.0,238.5,2.5,1,1,4.0,1
13936,2019-10-26,SA,24,WAS,1,1,1,-11.0,-11.5,-0.5,1,0,219.0,220.0,1.0,1,1,5.0,0
13951,2019-10-28,SA,24,POR,19,1,1,-4.0,-5.5,-1.5,1,0,220.5,223.5,3.0,1,0,2.0,0
13971,2019-10-31,SA,24,LAC,28,0,0,5.0,4.5,-0.5,1,0,226.0,229.5,3.5,1,0,3.0,1
13979,2019-11-01,SA,24,GS,26,0,1,-5.0,-7.0,-2.0,1,1,225.0,222.0,-3.0,0,1,1.0,0
13991,2019-11-03,SA,24,LAL,27,1,0,0.0,1.5,1.5,0,0,216.0,218.0,2.0,1,0,2.0,1
14016,2019-11-07,SA,24,OKC,18,1,1,-4.5,-5.0,-0.5,1,1,215.0,212.0,-3.0,0,1,4.0,0
14046,2019-11-11,SA,24,MEM,21,1,1,-10.0,-10.5,-0.5,1,0,223.5,225.0,1.5,1,0,4.0,0
14061,2019-11-13,SA,24,MIN,16,0,0,1.5,1.5,0.0,1,0,228.5,227.0,-1.5,0,1,2.0,1
14070,2019-11-15,SA,24,ORL,5,0,0,2.5,2.5,0.0,1,1,212.5,211.5,-1.0,0,1,2.0,0
14084,2019-11-16,SA,24,POR,19,1,1,-2.5,-1.0,1.5,0,0,227.0,226.5,-0.5,0,1,1.0,1
14097,2019-11-18,SA,24,DAL,25,0,0,4.5,4.5,0.0,1,0,226.5,224.0,-2.5,0,1,2.0,1
14106,2019-11-20,SA,24,WAS,1,0,1,-3.0,-1.5,1.5,0,0,239.5,237.5,-2.0,0,1,2.0,0
14122,2019-11-22,SA,24,PHI,7,0,0,8.0,7.0,-1.0,1,0,224.5,221.0,-3.5,0,0,2.0,0
14132,2019-11-23,SA,24,NY,6,0,1,-2.5,-3.0,-0.5,1,1,218.0,218.5,0.5,1,0,1.0,0
14152,2019-11-25,SA,24,LAL,27,1,0,4.5,4.5,0.0,1,0,223.0,223.0,0.0,1,0,2.0,1
14165,2019-11-27,SA,24,MIN,16,1,1,-1.5,-3.0,-1.5,1,0,228.0,230.0,2.0,1,0,2.0,0
14192,2019-12-01,SA,24,DET,14,0,0,1.5,3.0,1.5,0,0,217.0,217.5,0.5,1,1,4.0,1
14299,2019-12-16,SA,24,HOU,22,0,0,10.0,9.5,-0.5,1,1,231.5,233.5,2.0,1,0,15.0,0
14321,2019-12-19,SA,24,BKN,8,1,1,-3.0,-3.5,-0.5,1,1,219.0,219.5,0.5,1,1,3.0,1
14339,2019-12-21,SA,24,LAC,28,1,0,6.0,7.5,1.5,0,0,223.0,225.0,2.0,1,1,2.0,0
14353,2019-12-23,SA,24,MEM,21,0,1,-1.0,-1.5,-0.5,1,1,226.5,227.0,0.5,1,1,2.0,1
14385,2019-12-28,SA,24,DET,14,1,1,-4.5,-5.0,-0.5,1,1,222.5,222.0,-0.5,0,1,5.0,1
14404,2019-12-31,SA,24,GS,26,1,1,-9.0,-11.0,-2.0,1,0,220.0,217.5,-2.5,0,1,3.0,0
14417,2020-01-02,SA,24,OKC,18,1,1,-1.0,-2.5,-1.5,1,0,219.0,217.5,-1.5,0,0,2.0,0
14435,2020-01-04,SA,24,MIL,15,0,0,11.5,12.0,0.5,0,1,227.5,228.5,1.0,1,1,2.0,1
14449,2020-01-06,SA,24,MIL,15,1,0,7.0,8.0,1.0,0,1,229.5,228.5,-1.0,0,1,2.0,1
14474,2020-01-10,SA,24,MEM,21,0,1,-1.0,-1.0,0.0,1,0,234.0,231.5,-2.5,0,1,4.0,1
14509,2020-01-15,SA,24,MIA,4,0,0,5.5,5.0,-0.5,1,0,222.0,220.0,-2.0,0,0,5.0,0
14527,2020-01-17,SA,24,ATL,3,1,1,-8.5,-8.5,0.0,1,0,229.5,229.5,0.0,1,1,2.0,1
14540,2020-01-19,SA,24,MIA,4,1,0,1.0,1.0,0.0,1,1,221.0,222.5,1.5,1,0,2.0,0
14581,2020-01-24,SA,24,PHO,29,1,1,-4.0,-5.0,-1.0,1,0,229.5,226.0,-3.5,0,0,5.0,0
14589,2020-01-26,SA,24,TOR,10,1,0,2.5,3.0,0.5,0,0,223.0,220.0,-3.0,0,0,2.0,0
14598,2020-01-27,SA,24,CHI,11,0,0,-1.5,1.5,3.0,0,1,218.0,212.5,-5.5,0,1,1.0,1
14653,2020-02-03,SA,24,LAC,28,0,0,10.0,9.0,-1.0,1,1,227.5,229.5,2.0,1,0,7.0,0
14657,2020-02-04,SA,24,LAL,27,0,0,12.0,10.5,-1.5,1,0,229.0,227.0,-2.0,0,1,1.0,0
14688,2020-02-08,SA,24,SAC,30,0,1,-2.0,-2.0,0.0,1,0,224.5,222.5,-2.0,0,1,4.0,0
14702,2020-02-10,SA,24,DEN,20,0,0,8.0,7.0,-1.0,1,0,221.5,216.0,-5.5,0,1,2.0,0
14708,2020-02-11,SA,24,OKC,18,0,0,6.5,8.5,2.0,0,1,221.5,220.0,-1.5,0,0,1.0,0
14749,2020-02-23,SA,24,OKC,18,0,0,5.0,5.0,0.0,1,0,222.5,222.5,0.0,1,1,12.0,0
14834,2020-03-06,SA,24,BKN,8,0,0,2.5,3.0,0.5,0,0,221.5,225.5,4.0,1,1,12.0,0
15217,2020-08-02,SA,24,MEM,21,0,0,2.5,3.0,0.5,0,1,235.0,236.0,1.0,1,0,149.0,0
15225,2020-08-03,SA,24,PHI,7,0,0,7.0,7.0,0.0,1,1,229.0,227.5,-1.5,0,1,1.0,0
15258,2020-08-09,SA,24,NO,23,0,0,3.0,3.5,0.5,0,1,240.0,239.5,-0.5,0,0,6.0,0
13953,2019-10-28,SAC,30,DEN,20,1,0,5.0,5.0,0.0,1,0,219.0,217.5,-1.5,0,0,5.0,0
13966,2019-10-30,SAC,30,CHA,2,1,1,-7.0,-7.0,0.0,1,0,224.5,223.0,-1.5,0,1,2.0,0
13978,2019-11-01,SAC,30,UTA,17,1,0,5.5,4.0,-1.5,1,1,214.0,215.5,1.5,1,0,2.0,0
13990,2019-11-03,SAC,30,NY,6,0,1,1.0,-1.5,-2.5,1,1,217.5,213.5,-4.0,0,0,2.0,1
14010,2019-11-06,SAC,30,TOR,10,0,0,8.5,8.0,-0.5,1,1,218.0,218.5,0.5,1,1,3.0,0
14022,2019-11-08,SAC,30,ATL,3,0,1,1.0,-2.5,-3.5,1,1,219.5,225.5,6.0,1,1,2.0,0
14056,2019-11-12,SAC,30,POR,19,1,0,-1.5,1.5,3.0,0,1,227.0,222.5,-4.5,0,0,4.0,1
14087,2019-11-17,SAC,30,BOS,9,1,0,3.5,2.5,-1.0,1,1,217.5,215.0,-2.5,0,0,5.0,0
14103,2019-11-19,SAC,30,PHO,29,1,1,-1.0,-2.5,-1.5,1,1,220.5,218.0,-2.5,0,1,2.0,0
14159,2019-11-27,SAC,30,PHI,7,0,0,9.5,8.5,-1.0,1,1,209.0,211.5,2.5,1,0,8.0,1
14183,2019-11-30,SAC,30,DEN,20,1,0,4.0,4.0,0.0,1,1,205.5,205.5,0.0,1,0,3.0,1
14201,2019-12-02,SAC,30,CHI,11,1,1,-4.5,-5.0,-0.5,1,0,211.0,212.0,1.0,1,1,2.0,0
14218,2019-12-04,SAC,30,POR,19,0,0,3.5,5.0,1.5,0,0,218.5,216.5,-2.0,0,1,2.0,1
14243,2019-12-08,SAC,30,DAL,25,0,0,7.5,9.0,1.5,0,1,216.0,216.5,0.5,1,0,4.0,0
14250,2019-12-09,SAC,30,HOU,22,0,0,12.0,12.0,0.0,1,1,227.0,225.5,-1.5,0,1,1.0,0
14281,2019-12-13,SAC,30,NY,6,1,1,-8.0,-8.5,-0.5,1,0,207.5,209.5,2.0,1,0,4.0,1
14296,2019-12-15,SAC,30,GS,26,0,1,-3.0,-4.5,-1.5,1,1,212.0,210.0,-2.0,0,0,2.0,1
14305,2019-12-17,SAC,30,CHA,2,0,1,-5.0,-5.0,0.0,1,0,207.0,207.5,0.5,1,1,2.0,0
14356,2019-12-23,SAC,30,HOU,22,1,0,5.0,6.0,1.0,0,0,228.0,230.0,2.0,1,0,6.0,1
14402,2019-12-31,SAC,30,LAC,28,1,0,7.0,6.5,-0.5,1,0,221.0,220.5,-0.5,0,0,8.0,0
14418,2020-01-02,SAC,30,MEM,21,1,1,-4.0,-4.5,-0.5,1,1,222.5,223.5,1.0,1,1,2.0,0
14455,2020-01-07,SAC,30,PHO,29,0,0,5.0,6.5,1.5,0,1,226.5,226.0,-0.5,0,0,5.0,1
14539,2020-01-18,SAC,30,UTA,17,0,0,9.5,9.0,-0.5,1,0,221.0,223.5,2.5,1,1,11.0,0
14577,2020-01-24,SAC,30,CHI,11,0,0,2.0,1.5,-0.5,1,1,221.0,217.5,-3.5,0,0,6.0,0
14599,2020-01-27,SAC,30,MIN,16,0,0,3.0,3.0,0.0,1,1,225.5,223.5,-2.0,0,1,3.0,0
14652,2020-02-03,SAC,30,MIN,16,1,1,-1.5,-1.5,0.0,1,1,228.0,225.5,-2.5,0,0,7.0,1
14688,2020-02-08,SAC,30,SA,24,1,0,2.0,2.0,0.0,1,1,224.5,222.5,-2.0,0,1,5.0,0
14700,2020-02-10,SAC,30,MIL,15,0,0,14.5,10.5,-4.0,1,0,227.0,230.0,3.0,1,1,2.0,1
14738,2020-02-22,SAC,30,LAC,28,0,0,9.5,9.0,-0.5,1,1,220.0,231.5,11.5,1,0,12.0,0
14778,2020-02-27,SAC,30,OKC,18,0,0,6.5,7.5,1.0,0,1,222.5,220.5,-2.0,0,0,5.0,0
14802,2020-03-01,SAC,30,DET,14,1,1,-7.0,-9.5,-2.5,1,0,219.0,215.5,-3.5,0,0,3.0,1
14819,2020-03-03,SAC,30,WAS,1,1,1,-5.0,-6.0,-1.0,1,1,233.0,235.5,2.5,1,1,2.0,0
14831,2020-03-05,SAC,30,PHI,7,1,1,-4.0,-5.5,-1.5,1,0,221.5,219.0,-2.5,0,1,2.0,0
14848,2020-03-07,SAC,30,POR,19,0,0,3.0,2.5,-0.5,1,1,230.0,230.5,0.5,1,1,2.0,1
14859,2020-03-08,SAC,30,TOR,10,1,0,4.5,5.0,0.5,0,0,229.5,226.0,-3.5,0,1,1.0,1
15218,2020-08-02,SAC,30,ORL,5,0,0,2.5,2.0,-0.5,1,0,226.0,228.0,2.0,1,1,147.0,1
15228,2020-08-04,SAC,30,DAL,25,1,0,5.5,5.5,0.0,1,1,237.0,236.5,-0.5,0,0,2.0,1
15239,2020-08-06,SAC,30,NO,23,1,0,4.0,4.0,0.0,1,1,234.0,235.5,1.5,1,1,2.0,0
15261,2020-08-09,SAC,30,HOU,22,1,0,5.0,4.5,-0.5,1,0,231.5,235.5,4.0,1,1,3.0,0
13933,2019-10-26,TOR,10,CHI,11,0,1,-3.5,-3.0,0.5,0,1,223.0,219.0,-4.0,0,0,5.0,1
13947,2019-10-28,TOR,10,ORL,5,1,1,-5.0,-4.5,0.5,0,1,212.0,209.5,-2.5,0,0,2.0,1
13963,2019-10-30,TOR,10,DET,14,1,1,-8.0,-9.5,-1.5,1,1,212.0,214.0,2.0,1,1,2.0,0
13983,2019-11-02,TOR,10,MIL,15,0,0,5.0,6.5,1.5,0,0,226.0,227.0,1.0,1,0,3.0,1
14010,2019-11-06,TOR,10,SAC,30,1,1,-8.5,-8.0,0.5,0,0,218.0,218.5,0.5,1,1,4.0,1
14023,2019-11-08,TOR,10,NO,23,0,1,-2.5,-2.5,0.0,1,1,232.5,232.5,0.0,1,0,2.0,1
14042,2019-11-10,TOR,10,LAL,27,0,0,9.5,10.5,1.0,0,1,216.0,211.5,-4.5,0,1,2.0,0
14063,2019-11-13,TOR,10,POR,19,0,0,3.5,2.5,-1.0,1,1,220.0,219.5,-0.5,0,1,3.0,0
14083,2019-11-16,TOR,10,DAL,25,0,0,3.0,4.5,1.5,0,0,218.5,217.5,-1.0,0,0,3.0,0
14094,2019-11-18,TOR,10,CHA,2,1,1,-9.5,-8.5,1.0,0,1,215.5,214.5,-1.0,0,1,2.0,1
14111,2019-11-20,TOR,10,ORL,5,1,1,-4.5,-3.0,1.5,0,1,208.5,207.5,-1.0,0,1,2.0,0
14131,2019-11-23,TOR,10,ATL,3,0,1,-7.0,-7.5,-0.5,1,0,223.5,223.0,-0.5,0,1,3.0,1
14149,2019-11-25,TOR,10,PHI,7,1,0,-1.0,2.0,3.0,0,1,214.0,212.0,-2.0,0,0,2.0,1
14161,2019-11-27,TOR,10,NY,6,1,1,-10.5,-9.5,1.0,0,1,209.5,211.5,2.0,1,1,2.0,0
14194,2019-12-01,TOR,10,UTA,17,1,1,-2.5,-2.0,0.5,0,1,210.0,210.0,0.0,1,1,4.0,0
14221,2019-12-05,TOR,10,HOU,22,1,1,-1.5,-2.0,-0.5,1,0,230.0,230.5,0.5,1,0,4.0,0
14241,2019-12-08,TOR,10,PHI,7,0,0,3.0,3.0,0.0,1,0,210.5,213.5,3.0,1,1,3.0,1
14249,2019-12-09,TOR,10,CHI,11,0,1,-5.0,-6.0,-1.0,1,0,215.5,213.5,-2.0,0,0,1.0,0
14284,2019-12-14,TOR,10,BKN,8,1,1,-7.5,-7.5,0.0,1,1,219.5,218.5,-1.0,0,0,5.0,1
14298,2019-12-16,TOR,10,CLE,12,1,1,-13.0,-12.5,0.5,0,1,216.0,217.0,1.0,1,1,2.0,0
14342,2019-12-22,TOR,10,DAL,25,1,1,-2.5,-1.5,1.0,0,1,217.0,218.0,1.0,1,0,6.0,0
14349,2019-12-23,TOR,10,IND,13,0,0,6.0,5.5,-0.5,1,1,209.5,210.0,0.5,1,1,1.0,1
14376,2019-12-28,TOR,10,BOS,9,0,0,6.5,7.0,0.5,0,1,216.5,216.0,-0.5,0,0,5.0,0
14389,2019-12-29,TOR,10,OKC,18,1,1,-2.5,-4.5,-2.0,1,0,214.0,210.0,-4.0,0,0,1.0,1
14413,2020-01-02,TOR,10,MIA,4,0,0,6.0,5.5,-0.5,1,0,215.0,214.5,-0.5,0,0,4.0,1
14427,2020-01-04,TOR,10,BKN,8,0,0,1.0,1.5,0.5,0,1,216.5,217.5,1.0,1,1,2.0,0
14460,2020-01-08,TOR,10,CHA,2,0,1,-4.0,-2.5,1.5,0,0,209.0,207.5,-1.5,0,1,4.0,0
14512,2020-01-15,TOR,10,OKC,18,0,0,2.0,1.0,-1.0,1,1,213.5,212.5,-1.0,0,1,7.0,0
14524,2020-01-17,TOR,10,WAS,1,1,1,-9.5,-11.0,-1.5,1,1,229.0,230.5,1.5,1,1,2.0,1
14543,2020-01-20,TOR,10,ATL,3,0,1,-8.0,-9.0,-1.0,1,0,231.0,231.5,0.5,1,1,3.0,1
14563,2020-01-22,TOR,10,PHI,7,1,1,-5.5,-6.5,-1.0,1,1,219.5,215.5,-4.0,0,0,2.0,1
14575,2020-01-24,TOR,10,NY,6,0,1,-7.5,-8.5,-1.0,1,0,216.0,217.5,1.5,1,1,2.0,1
14589,2020-01-26,TOR,10,SA,24,0,1,-2.5,-3.0,-0.5,1,1,223.0,220.0,-3.0,0,0,2.0,0
14606,2020-01-28,TOR,10,ATL,3,1,1,-12.5,-12.5,0.0,1,1,233.0,234.0,1.0,1,1,2.0,1
14623,2020-01-31,TOR,10,DET,14,0,1,-4.5,-4.0,0.5,0,1,223.0,223.0,0.0,1,0,3.0,1
14643,2020-02-02,TOR,10,CHI,11,1,1,-10.5,-9.5,1.0,0,1,217.0,214.5,-2.5,0,1,2.0,1
14675,2020-02-07,TOR,10,IND,13,0,0,-0.0,1.0,1.0,0,1,219.0,218.0,-1.0,0,1,5.0,1
14684,2020-02-08,TOR,10,BKN,8,1,1,-8.5,-6.0,2.5,0,0,223.0,218.0,-5.0,0,1,1.0,1
14747,2020-02-23,TOR,10,IND,13,1,1,-4.5,-5.5,-1.0,1,1,219.5,218.5,-1.0,0,0,15.0,0
14761,2020-02-25,TOR,10,MIL,15,1,0,1.5,1.0,-0.5,1,0,231.0,232.5,1.5,1,0,2.0,0
14782,2020-02-28,TOR,10,CHA,2,1,1,-13.5,-13.5,0.0,1,0,214.5,214.0,-0.5,0,0,3.0,0
14859,2020-03-08,TOR,10,SAC,30,0,1,-4.5,-5.0,-0.5,1,0,229.5,226.0,-3.5,0,1,9.0,1
14862,2020-03-09,TOR,10,UTA,17,0,0,4.0,5.5,1.5,0,1,225.5,224.5,-1.0,0,0,1.0,0
15214,2020-08-01,TOR,10,LAL,27,1,0,3.5,2.5,-1.0,1,1,213.5,224.0,10.5,1,0,145.0,1
15237,2020-08-05,TOR,10,ORL,5,0,1,-5.0,-7.0,-2.0,1,1,224.5,221.5,-3.0,0,0,4.0,1
15257,2020-08-09,TOR,10,MEM,21,1,1,-7.5,-7.0,0.5,0,1,222.5,221.5,-1.0,0,0,4.0,1
13952,2019-10-28,UTA,17,PHO,29,0,1,-5.0,-5.0,0.0,1,0,218.0,213.0,-5.0,0,0,5.0,1
13978,2019-11-01,UTA,17,SAC,30,0,1,-5.5,-4.0,1.5,0,0,214.0,215.5,1.5,1,0,4.0,0
13993,2019-11-03,UTA,17,LAC,28,0,0,4.0,5.0,1.0,0,0,212.0,213.0,1.0,1,0,2.0,0
14013,2019-11-06,UTA,17,PHI,7,1,1,-1.5,-2.0,-0.5,1,0,212.0,209.5,-2.5,0,1,3.0,1
14027,2019-11-08,UTA,17,MIL,15,1,0,0.0,2.5,2.5,0,1,216.0,217.5,1.5,1,0,2.0,0
14047,2019-11-11,UTA,17,GS,26,0,1,-10.5,-7.5,3.0,0,1,212.5,211.5,-1.0,0,1,3.0,1
14055,2019-11-12,UTA,17,BKN,8,1,1,-7.5,-6.5,1.0,0,0,220.0,220.5,0.5,1,1,1.0,1
14075,2019-11-15,UTA,17,MEM,21,0,1,-7.5,-7.5,0.0,1,0,215.0,215.5,0.5,1,0,3.0,1
14137,2019-11-23,UTA,17,NO,23,1,1,-8.0,-5.5,2.5,0,1,222.5,225.5,3.0,1,1,8.0,1
14194,2019-12-01,UTA,17,TOR,10,0,0,2.5,2.0,-0.5,1,0,210.0,210.0,0.0,1,1,8.0,1
14196,2019-12-02,UTA,17,PHI,7,0,0,4.5,5.5,1.0,0,0,208.5,208.5,0.0,1,0,1.0,0
14237,2019-12-07,UTA,17,MEM,21,1,1,-12.5,-11.5,1.0,0,1,218.0,218.0,0.0,1,1,5.0,1
14253,2019-12-09,UTA,17,OKC,18,1,1,-1.0,-8.5,-7.5,1,0,211.5,206.5,-5.0,0,0,2.0,0
14265,2019-12-11,UTA,17,MIN,16,0,1,-1.5,-1.0,0.5,0,1,222.0,221.5,-0.5,0,1,2.0,1
14282,2019-12-13,UTA,17,GS,26,1,1,-12.0,-13.5,-1.5,1,0,210.5,211.5,1.0,1,1,2.0,1
14308,2019-12-17,UTA,17,ORL,5,1,1,-5.5,-6.5,-1.0,1,1,207.5,207.5,0.0,1,1,4.0,0
14319,2019-12-19,UTA,17,ATL,3,0,1,-6.5,-6.5,0.0,1,0,224.0,225.0,1.0,1,0,2.0,1
14333,2019-12-21,UTA,17,CHA,2,0,1,-6.0,-6.5,-0.5,1,1,210.0,208.5,-1.5,0,1,2.0,0
14352,2019-12-23,UTA,17,MIA,4,0,0,4.5,4.0,-0.5,1,1,212.0,213.5,1.5,1,0,2.0,0
14368,2019-12-26,UTA,17,POR,19,1,1,-6.0,-5.5,0.5,0,1,220.0,221.5,1.5,1,1,3.0,1
14388,2019-12-28,UTA,17,LAC,28,0,0,9.0,7.5,-1.5,1,1,220.0,221.5,1.5,1,1,2.0,1
14398,2019-12-30,UTA,17,DET,14,1,1,-9.0,-9.5,-0.5,1,1,218.0,218.0,0.0,1,0,2.0,1
14414,2020-01-02,UTA,17,CHI,11,0,1,-3.5,-3.0,0.5,0,1,210.5,209.0,-1.5,0,0,3.0,1
14447,2020-01-06,UTA,17,NO,23,0,1,-2.0,-4.0,-2.0,1,0,223.0,221.5,-1.5,0,1,4.0,0
14464,2020-01-08,UTA,17,NY,6,1,1,-11.5,-14.0,-2.5,1,1,218.5,214.0,-4.5,0,1,2.0,1
14477,2020-01-10,UTA,17,CHA,2,1,1,-13.0,-12.0,1.0,0,1,212.5,210.5,-2.0,0,0,2.0,0
14539,2020-01-18,UTA,17,SAC,30,1,1,-9.5,-9.0,0.5,0,1,221.0,223.5,2.5,1,1,8.0,0
14554,2020-01-20,UTA,17,IND,13,1,1,-7.0,-7.5,-0.5,1,1,217.0,215.5,-1.5,0,0,2.0,0
14583,2020-01-25,UTA,17,DAL,25,1,1,-2.5,-5.5,-3.0,1,0,226.0,226.5,0.5,1,0,5.0,0
14621,2020-01-30,UTA,17,DEN,20,0,1,1.5,-2.5,-4.0,1,0,215.5,215.5,0.0,1,0,5.0,1
14679,2020-02-07,UTA,17,POR,19,1,1,-8.5,-11.0,-2.5,1,0,226.5,229.5,3.0,1,1,8.0,1
14693,2020-02-09,UTA,17,HOU,22,0,0,4.0,2.5,-1.5,1,1,233.0,233.0,0.0,1,0,2.0,1
14701,2020-02-10,UTA,17,DAL,25,0,1,1.0,-1.0,-2.0,1,1,222.0,216.5,-5.5,0,1,1.0,0
14719,2020-02-12,UTA,17,MIA,4,1,1,-4.5,-5.0,-0.5,1,1,219.5,216.5,-3.0,0,1,2.0,1
14744,2020-02-22,UTA,17,HOU,22,1,1,-1.5,-2.0,-0.5,1,0,235.0,233.0,-2.0,0,0,10.0,0
14758,2020-02-24,UTA,17,PHO,29,1,1,-7.5,-8.0,-0.5,1,0,223.5,224.0,0.5,1,1,2.0,0
14788,2020-02-28,UTA,17,WAS,1,1,1,-10.5,-10.5,0.0,1,0,230.5,231.5,1.0,1,1,4.0,0
14805,2020-03-02,UTA,17,CLE,12,0,1,-8.5,-10.0,-1.5,1,1,219.0,221.5,2.5,1,1,3.0,1
14824,2020-03-04,UTA,17,NY,6,0,1,-7.5,-8.5,-1.0,1,0,220.0,219.5,-0.5,0,0,2.0,0
14844,2020-03-07,UTA,17,DET,14,0,1,-8.5,-8.5,0.0,1,0,214.0,210.5,-3.5,0,1,3.0,0
14862,2020-03-09,UTA,17,TOR,10,1,1,-4.0,-5.5,-1.5,1,0,225.5,224.5,-1.0,0,0,2.0,1
15211,2020-08-01,UTA,17,OKC,18,0,0,-1.5,1.0,2.5,0,0,216.5,218.5,2.0,1,0,145.0,1
15226,2020-08-03,UTA,17,LAL,27,1,0,6.0,6.0,0.0,1,0,219.0,217.0,-2.0,0,1,2.0,1
15233,2020-08-05,UTA,17,MEM,21,1,1,-4.0,-5.0,-1.0,1,1,225.0,219.5,-5.5,0,1,2.0,0
13936,2019-10-26,WAS,1,SA,24,0,0,11.0,11.5,0.5,0,1,219.0,220.0,1.0,1,1,5.0,1
13965,2019-10-30,WAS,1,HOU,22,1,0,8.5,8.0,-0.5,1,1,230.5,234.0,3.5,1,1,4.0,1
13984,2019-11-02,WAS,1,MIN,16,1,1,-1.0,-3.0,-2.0,1,0,221.5,229.5,8.0,1,1,3.0,0
14021,2019-11-08,WAS,1,CLE,12,1,1,-4.5,-5.0,-0.5,1,0,227.5,233.0,5.5,1,0,6.0,0
14059,2019-11-13,WAS,1,BOS,9,0,0,10.5,7.0,-3.5,1,0,227.5,229.5,2.0,1,1,5.0,1
14073,2019-11-15,WAS,1,MIN,16,0,0,7.0,5.5,-1.5,1,1,238.0,239.0,1.0,1,1,2.0,0
14088,2019-11-17,WAS,1,ORL,5,0,0,6.5,6.0,-0.5,1,1,222.0,225.5,3.5,1,1,2.0,0
14106,2019-11-20,WAS,1,SA,24,1,0,3.0,1.5,-1.5,1,1,239.5,237.5,-2.0,0,1,3.0,1
14119,2019-11-22,WAS,1,CHA,2,1,1,-5.0,-6.0,-1.0,1,1,233.0,234.5,1.5,1,1,2.0,0
14155,2019-11-26,WAS,1,DEN,20,0,0,10.5,10.5,0.0,1,0,227.5,226.5,-1.0,0,0,4.0,1
14166,2019-11-27,WAS,1,PHO,29,0,0,8.0,7.0,-1.0,1,1,243.0,241.0,-2.0,0,1,1.0,0
14195,2019-12-01,WAS,1,LAC,28,0,0,12.5,12.0,-0.5,1,0,237.0,241.0,4.0,1,1,4.0,0
14219,2019-12-05,WAS,1,PHI,7,1,0,5.5,8.0,2.5,0,1,234.5,234.0,-0.5,0,0,4.0,1
14256,2019-12-10,WAS,1,CHA,2,0,1,-1.0,-2.0,-1.0,1,0,234.0,229.0,-5.0,0,0,5.0,1
14312,2019-12-18,WAS,1,CHI,11,1,1,-1.0,-1.0,0.0,1,0,230.5,229.5,-1.0,0,0,8.0,1
14363,2019-12-26,WAS,1,DET,14,0,0,6.0,6.5,0.5,0,0,231.0,228.0,-3.0,0,1,8.0,1
14510,2020-01-15,WAS,1,CHI,11,0,0,4.5,4.5,0.0,1,0,227.0,230.5,3.5,1,0,20.0,0
14524,2020-01-17,WAS,1,TOR,10,0,0,9.5,11.0,1.5,0,0,229.0,230.5,1.5,1,1,2.0,0
14542,2020-01-20,WAS,1,DET,14,1,1,-1.0,-1.0,0.0,1,1,233.0,232.5,-0.5,0,0,3.0,1
14569,2020-01-23,WAS,1,CLE,12,0,0,1.0,2.5,1.5,0,1,232.5,230.5,-2.0,0,1,3.0,1
14590,2020-01-26,WAS,1,ATL,3,0,0,1.5,1.0,-0.5,1,0,240.5,241.5,1.0,1,1,3.0,0
14609,2020-01-28,WAS,1,MIL,15,0,0,16.0,11.5,-4.5,1,0,240.0,241.0,1.0,1,1,2.0,0
14618,2020-01-30,WAS,1,CHA,2,1,1,-3.5,-3.5,0.0,1,1,227.5,226.5,-1.0,0,1,2.0,1
14634,2020-02-01,WAS,1,BKN,8,1,0,1.0,1.5,0.5,0,1,239.0,242.5,3.5,1,0,2.0,0
14646,2020-02-03,WAS,1,GS,26,1,1,-4.5,-6.5,-2.0,1,0,236.0,234.0,-2.0,0,1,2.0,0
14692,2020-02-09,WAS,1,MEM,21,1,0,1.5,3.0,1.5,0,0,240.0,241.0,1.0,1,0,6.0,0
14706,2020-02-11,WAS,1,CHI,11,1,1,-2.0,-3.5,-1.5,1,1,230.0,230.5,0.5,1,1,2.0,0
14714,2020-02-12,WAS,1,NY,6,0,0,2.5,3.0,0.5,0,1,228.5,227.5,-1.0,0,0,1.0,1
14748,2020-02-23,WAS,1,CHI,11,0,1,-0.0,-3.5,-3.5,1,0,231.5,230.5,-1.0,0,1,11.0,0
14754,2020-02-24,WAS,1,MIL,15,1,0,12.5,13.0,0.5,0,1,240.5,244.0,3.5,1,1,1.0,1
14768,2020-02-26,WAS,1,BKN,8,1,0,1.5,1.5,0.0,1,1,235.0,234.0,-1.0,0,0,2.0,0
14788,2020-02-28,WAS,1,UTA,17,0,0,10.5,10.5,0.0,1,1,230.5,231.5,1.0,1,1,2.0,1
14819,2020-03-03,WAS,1,SAC,30,0,0,5.0,6.0,1.0,0,0,233.0,235.5,2.5,1,1,4.0,0
14833,2020-03-06,WAS,1,ATL,3,1,1,-3.5,-5.5,-2.0,1,1,244.5,240.0,-4.5,0,0,3.0,1
14856,2020-03-08,WAS,1,MIA,4,1,0,4.5,5.5,1.0,0,0,231.5,232.5,1.0,1,0,2.0,0
14864,2020-03-10,WAS,1,NY,6,1,1,-3.5,-5.0,-1.5,1,1,227.0,230.5,3.5,1,1,2.0,0
15215,2020-08-02,WAS,1,BKN,8,0,0,2.0,3.5,1.5,0,0,234.5,231.5,-3.0,0,0,145.0,1
15235,2020-08-05,WAS,1,PHI,7,1,0,10.5,10.5,0.0,1,1,233.0,229.0,-4.0,0,0,3.0,1
15256,2020-08-09,WAS,1,OKC,18,0,0,9.5,9.5,0.0,1,0,225.5,221.0,-4.5,0,1,4.0,1
15279,2020-08-13,WAS,1,BOS,9,0,1,10.5,-2.0,-12.5,1,1,230.5,225.0,-5.5,0,0,4.0,0
